Codigo linea;Descripcion linea;Codigo parada;Parada;Tiempo espera
01;ARANGOITI - PLAZA BIRIBILA;1306;PLAZA BIRIBILA;14
01;ARANGOITI - PLAZA BIRIBILA;1401;ARANGOITI-GANETA;5
01;ARANGOITI - PLAZA BIRIBILA;1411;ARANGOITI-BUENAVISTA;14
01;ARANGOITI - PLAZA BIRIBILA;1413;PLAZA BIRIBILA;2
01;ARANGOITI - PLAZA BIRIBILA;1414;PLAZA BIRIBILA;0
01;ARANGOITI - PLAZA BIRIBILA;1415;ARANGOITI-BUENAVISTA;9
01;ARANGOITI - PLAZA BIRIBILA;1423;ARANGOITI-BUENAVISTA;6
01;ARANGOITI - PLAZA BIRIBILA;1424;PLAZA BIRIBILA;5
01;ARANGOITI - PLAZA BIRIBILA;1425;ARANGOITI-BUENAVISTA;5
01;ARANGOITI - PLAZA BIRIBILA;1603;ARANGOITI-GANETA;4
01;ARANGOITI - PLAZA BIRIBILA;1604;PLAZA BIRIBILA;5
01;ARANGOITI - PLAZA BIRIBILA;1605;PLAZA BIRIBILA;9
01;ARANGOITI - PLAZA BIRIBILA;1701;ARANGOITI-GANETA;1
01;ARANGOITI - PLAZA BIRIBILA;1702;PLAZA BIRIBILA;11
01;ARANGOITI - PLAZA BIRIBILA;1703;PLAZA BIRIBILA;12
01;ARANGOITI - PLAZA BIRIBILA;6107;PLAZA BIRIBILA;17
01;ARANGOITI - PLAZA BIRIBILA;6109;PLAZA BIRIBILA;1
01;ARANGOITI - PLAZA BIRIBILA;6110;ARANGOITI-BUENAVISTA;3
01;ARANGOITI - PLAZA BIRIBILA;6113;PLAZA BIRIBILA;7
01;ARANGOITI - PLAZA BIRIBILA;6114;ARANGOITI-BUENAVISTA;2
01;ARANGOITI - PLAZA BIRIBILA;6115;PLAZA BIRIBILA;5
01;ARANGOITI - PLAZA BIRIBILA;6125;ARANGOITI-BUENAVISTA;5
01;ARANGOITI - PLAZA BIRIBILA;6130;ARANGOITI-GANETA;8
01;ARANGOITI - PLAZA BIRIBILA;6204;ARANGOITI-BUENAVISTA;7
01;ARANGOITI - PLAZA BIRIBILA;6219;PLAZA BIRIBILA;3
03; PLAZA BIRIBILA - OTXARKOAGA;2202;PLAZA BIRIBILA;9
03; PLAZA BIRIBILA - OTXARKOAGA;2415;PLAZA BIRIBILA;6
03; PLAZA BIRIBILA - OTXARKOAGA;2509;PLAZA BIRIBILA;2
03; PLAZA BIRIBILA - OTXARKOAGA;3101;PLAZA BIRIBILA;0
03; PLAZA BIRIBILA - OTXARKOAGA;3103;PLAZA BIRIBILA;5
03; PLAZA BIRIBILA - OTXARKOAGA;3106;PLAZA BIRIBILA;4
03; PLAZA BIRIBILA - OTXARKOAGA;3108;PLAZA BIRIBILA;6
03; PLAZA BIRIBILA - OTXARKOAGA;3115;OTXARKOAGA;7
03; PLAZA BIRIBILA - OTXARKOAGA;3116;OTXARKOAGA;8
03; PLAZA BIRIBILA - OTXARKOAGA;3204;OTXARKOAGA;5
03; PLAZA BIRIBILA - OTXARKOAGA;3210;PLAZA BIRIBILA;8
03; PLAZA BIRIBILA - OTXARKOAGA;3211;OTXARKOAGA;0
03; PLAZA BIRIBILA - OTXARKOAGA;3213;OTXARKOAGA;4
03; PLAZA BIRIBILA - OTXARKOAGA;3214;PLAZA BIRIBILA;9
03; PLAZA BIRIBILA - OTXARKOAGA;3230;PLAZA BIRIBILA;11
03; PLAZA BIRIBILA - OTXARKOAGA;4104;OTXARKOAGA;8
03; PLAZA BIRIBILA - OTXARKOAGA;4109;OTXARKOAGA;7
03; PLAZA BIRIBILA - OTXARKOAGA;5103;OTXARKOAGA;0
03; PLAZA BIRIBILA - OTXARKOAGA;5105;PLAZA BIRIBILA;4
03; PLAZA BIRIBILA - OTXARKOAGA;5108;PLAZA BIRIBILA;1
03; PLAZA BIRIBILA - OTXARKOAGA;5111;OTXARKOAGA;4
03; PLAZA BIRIBILA - OTXARKOAGA;6126;OTXARKOAGA;0
10;ELORRIETA - PLAZA BIRIBILA;1101;PLAZA BIRIBILA;7
10;ELORRIETA - PLAZA BIRIBILA;1102;ELORRIETA;3
10;ELORRIETA - PLAZA BIRIBILA;1103;PLAZA BIRIBILA;6
10;ELORRIETA - PLAZA BIRIBILA;1104;ELORRIETA;5
10;ELORRIETA - PLAZA BIRIBILA;1105;PLAZA BIRIBILA;4
10;ELORRIETA - PLAZA BIRIBILA;1106;ELORRIETA;7
10;ELORRIETA - PLAZA BIRIBILA;1201;PLAZA BIRIBILA;12
10;ELORRIETA - PLAZA BIRIBILA;1301;ELORRIETA;2
10;ELORRIETA - PLAZA BIRIBILA;1302;ELORRIETA;0
10;ELORRIETA - PLAZA BIRIBILA;1303;PLAZA BIRIBILA;7
10;ELORRIETA - PLAZA BIRIBILA;1304;ELORRIETA;3
10;ELORRIETA - PLAZA BIRIBILA;1305;PLAZA BIRIBILA;9
10;ELORRIETA - PLAZA BIRIBILA;1412;PLAZA BIRIBILA;11
10;ELORRIETA - PLAZA BIRIBILA;1413;PLAZA BIRIBILA;1
10;ELORRIETA - PLAZA BIRIBILA;1414;PLAZA BIRIBILA;13
10;ELORRIETA - PLAZA BIRIBILA;1415;ELORRIETA;15
10;ELORRIETA - PLAZA BIRIBILA;1423;ELORRIETA;13
10;ELORRIETA - PLAZA BIRIBILA;1424;PLAZA BIRIBILA;3
10;ELORRIETA - PLAZA BIRIBILA;1425;ELORRIETA;11
10;ELORRIETA - PLAZA BIRIBILA;6107;PLAZA BIRIBILA;10
10;ELORRIETA - PLAZA BIRIBILA;6109;PLAZA BIRIBILA;12
10;ELORRIETA - PLAZA BIRIBILA;6110;ELORRIETA;10
10;ELORRIETA - PLAZA BIRIBILA;6113;PLAZA BIRIBILA;19
10;ELORRIETA - PLAZA BIRIBILA;6114;ELORRIETA;8
10;ELORRIETA - PLAZA BIRIBILA;6115;PLAZA BIRIBILA;15
10;ELORRIETA - PLAZA BIRIBILA;6125;ELORRIETA;12
10;ELORRIETA - PLAZA BIRIBILA;6130;ELORRIETA;1
10;ELORRIETA - PLAZA BIRIBILA;6204;ELORRIETA;13
10;ELORRIETA - PLAZA BIRIBILA;6219;PLAZA BIRIBILA;13
11;DEUSTU - ATXURI;1402;DEUSTU;28
11;DEUSTU - ATXURI;1403;DEUSTU;31
11;DEUSTU - ATXURI;1404;ATXURI;17
11;DEUSTU - ATXURI;1407;DEUSTU;26
11;DEUSTU - ATXURI;1408;DEUSTU;25
11;DEUSTU - ATXURI;1414;ATXURI;12
11;DEUSTU - ATXURI;1416;ATXURI;14
11;DEUSTU - ATXURI;1417;ATXURI;16
11;DEUSTU - ATXURI;1418;DEUSTU;1
11;DEUSTU - ATXURI;1419;DEUSTU;33
11;DEUSTU - ATXURI;1420;ATXURI;4
11;DEUSTU - ATXURI;1421;ATXURI;9
11;DEUSTU - ATXURI;1426;ATXURI;20
11;DEUSTU - ATXURI;1427;DEUSTU;24
11;DEUSTU - ATXURI;1428;ATXURI;10
11;DEUSTU - ATXURI;1506;ZORROTZAURRE;2
11;DEUSTU - ATXURI;1508;ZORROTZAURRE;3
11;DEUSTU - ATXURI;1509;ZORROTZAURRE;3
11;DEUSTU - ATXURI;1510;ZORROTZAURRE;5
11;DEUSTU - ATXURI;1514;ZORROTZAURRE;6
11;DEUSTU - ATXURI;1515;ZORROTZAURRE;5
11;DEUSTU - ATXURI;2101;ATXURI;24
11;DEUSTU - ATXURI;2102;ATXURI;25
11;DEUSTU - ATXURI;2103;DEUSTU;20
11;DEUSTU - ATXURI;2105;DEUSTU;19
11;DEUSTU - ATXURI;2108;DEUSTU;16
11;DEUSTU - ATXURI;2109;ATXURI;22
11;DEUSTU - ATXURI;5101;ATXURI;27
11;DEUSTU - ATXURI;5106;DEUSTU;9
11;DEUSTU - ATXURI;5108;ATXURI;25
11;DEUSTU - ATXURI;5110;DEUSTU;13
11;DEUSTU - ATXURI;5405;DEUSTU;4
11;DEUSTU - ATXURI;5601;ATXURI;11
11;DEUSTU - ATXURI;5701;ATXURI;10
11;DEUSTU - ATXURI;5704;ATXURI;8
13;SAN IGNAZIO - TXURDINAGA;1101;TXURDINAGA;11
13;SAN IGNAZIO - TXURDINAGA;1102;SAN IGNAZIO;11
13;SAN IGNAZIO - TXURDINAGA;1103;TXURDINAGA;10
13;SAN IGNAZIO - TXURDINAGA;1104;SAN IGNAZIO;11
13;SAN IGNAZIO - TXURDINAGA;1105;TXURDINAGA;15
13;SAN IGNAZIO - TXURDINAGA;1301;SAN IGNAZIO;8
13;SAN IGNAZIO - TXURDINAGA;1302;SAN IGNAZIO;7
13;SAN IGNAZIO - TXURDINAGA;1303;TXURDINAGA;11
13;SAN IGNAZIO - TXURDINAGA;1304;SAN IGNAZIO;9
13;SAN IGNAZIO - TXURDINAGA;1305;TXURDINAGA;12
13;SAN IGNAZIO - TXURDINAGA;1412;TXURDINAGA;13
13;SAN IGNAZIO - TXURDINAGA;1413;TXURDINAGA;2
13;SAN IGNAZIO - TXURDINAGA;1414;TXURDINAGA;15
13;SAN IGNAZIO - TXURDINAGA;1415;SAN IGNAZIO;5
13;SAN IGNAZIO - TXURDINAGA;1423;SAN IGNAZIO;3
13;SAN IGNAZIO - TXURDINAGA;1424;TXURDINAGA;4
13;SAN IGNAZIO - TXURDINAGA;1425;SAN IGNAZIO;1
13;SAN IGNAZIO - TXURDINAGA;2301;SAN IGNAZIO;6
13;SAN IGNAZIO - TXURDINAGA;2403;TXURDINAGA;4
13;SAN IGNAZIO - TXURDINAGA;2404;SAN IGNAZIO;5
13;SAN IGNAZIO - TXURDINAGA;2405;SAN IGNAZIO;3
13;SAN IGNAZIO - TXURDINAGA;2406;TXURDINAGA;5
13;SAN IGNAZIO - TXURDINAGA;2407;TXURDINAGA;6
13;SAN IGNAZIO - TXURDINAGA;2503;SAN IGNAZIO;2
13;SAN IGNAZIO - TXURDINAGA;2504;SAN IGNAZIO;21
13;SAN IGNAZIO - TXURDINAGA;2508;SAN IGNAZIO;0
13;SAN IGNAZIO - TXURDINAGA;3201;SAN IGNAZIO;17
13;SAN IGNAZIO - TXURDINAGA;3217;TXURDINAGA;9
13;SAN IGNAZIO - TXURDINAGA;3220;TXURDINAGA;10
13;SAN IGNAZIO - TXURDINAGA;3223;SAN IGNAZIO;15
13;SAN IGNAZIO - TXURDINAGA;3228;SAN IGNAZIO;18
13;SAN IGNAZIO - TXURDINAGA;3229;SAN IGNAZIO;20
13;SAN IGNAZIO - TXURDINAGA;4105;TXURDINAGA;11
13;SAN IGNAZIO - TXURDINAGA;4109;TXURDINAGA;8
13;SAN IGNAZIO - TXURDINAGA;4202;TXURDINAGA;2
13;SAN IGNAZIO - TXURDINAGA;4207;TXURDINAGA;3
13;SAN IGNAZIO - TXURDINAGA;4214;TXURDINAGA;12
13;SAN IGNAZIO - TXURDINAGA;4302;TXURDINAGA;1
13;SAN IGNAZIO - TXURDINAGA;4303;TXURDINAGA;6
13;SAN IGNAZIO - TXURDINAGA;4304;TXURDINAGA;4
13;SAN IGNAZIO - TXURDINAGA;6101;TXURDINAGA;4
13;SAN IGNAZIO - TXURDINAGA;6102;SAN IGNAZIO;18
13;SAN IGNAZIO - TXURDINAGA;6103;TXURDINAGA;3
13;SAN IGNAZIO - TXURDINAGA;6107;TXURDINAGA;12
13;SAN IGNAZIO - TXURDINAGA;6109;TXURDINAGA;13
13;SAN IGNAZIO - TXURDINAGA;6110;SAN IGNAZIO;2
13;SAN IGNAZIO - TXURDINAGA;6125;SAN IGNAZIO;3
13;SAN IGNAZIO - TXURDINAGA;6204;SAN IGNAZIO;5
13;SAN IGNAZIO - TXURDINAGA;6219;TXURDINAGA;1
18;SAN IGNAZIO - ZORROTZA;1101;ZORROTZA;6
18;SAN IGNAZIO - ZORROTZA;1102;SAN IGNAZIO;13
18;SAN IGNAZIO - ZORROTZA;1103;ZORROTZA;5
18;SAN IGNAZIO - ZORROTZA;1104;SAN IGNAZIO;14
18;SAN IGNAZIO - ZORROTZA;1105;ZORROTZA;2
18;SAN IGNAZIO - ZORROTZA;1301;SAN IGNAZIO;11
18;SAN IGNAZIO - ZORROTZA;1302;SAN IGNAZIO;10
18;SAN IGNAZIO - ZORROTZA;1303;ZORROTZA;7
18;SAN IGNAZIO - ZORROTZA;1304;SAN IGNAZIO;12
18;SAN IGNAZIO - ZORROTZA;1305;ZORROTZA;8
18;SAN IGNAZIO - ZORROTZA;1412;ZORROTZA;10
18;SAN IGNAZIO - ZORROTZA;1413;ZORROTZA;13
18;SAN IGNAZIO - ZORROTZA;1414;ZORROTZA;12
18;SAN IGNAZIO - ZORROTZA;1415;SAN IGNAZIO;9
18;SAN IGNAZIO - ZORROTZA;1423;SAN IGNAZIO;7
18;SAN IGNAZIO - ZORROTZA;1424;ZORROTZA;15
18;SAN IGNAZIO - ZORROTZA;1425;SAN IGNAZIO;5
18;SAN IGNAZIO - ZORROTZA;6107;ZORROTZA;2
18;SAN IGNAZIO - ZORROTZA;6109;ZORROTZA;3
18;SAN IGNAZIO - ZORROTZA;6111;ZORROTZA;5
18;SAN IGNAZIO - ZORROTZA;6112;ZORROTZA;7
18;SAN IGNAZIO - ZORROTZA;6125;SAN IGNAZIO;6
18;SAN IGNAZIO - ZORROTZA;6202;ZORROTZA;8
18;SAN IGNAZIO - ZORROTZA;6203;ZORROTZA;9
18;SAN IGNAZIO - ZORROTZA;6204;SAN IGNAZIO;7
18;SAN IGNAZIO - ZORROTZA;6215;SAN IGNAZIO;3
18;SAN IGNAZIO - ZORROTZA;6216;SAN IGNAZIO;5
18;SAN IGNAZIO - ZORROTZA;6219;ZORROTZA;4
18;SAN IGNAZIO - ZORROTZA;6229;SAN IGNAZIO;2
18;SAN IGNAZIO - ZORROTZA;7104;SAN IGNAZIO;18
18;SAN IGNAZIO - ZORROTZA;8111;SAN IGNAZIO;14
18;SAN IGNAZIO - ZORROTZA;8112;ZORROTZA;12
18;SAN IGNAZIO - ZORROTZA;8113;SAN IGNAZIO;12
18;SAN IGNAZIO - ZORROTZA;8122;ZORROTZA;11
18;SAN IGNAZIO - ZORROTZA;8123;SAN IGNAZIO;16
18;SAN IGNAZIO - ZORROTZA;8204;ZORROTZA;2
18;SAN IGNAZIO - ZORROTZA;8205;ZORROTZA;2
18;SAN IGNAZIO - ZORROTZA;8317;SAN IGNAZIO;11
18;SAN IGNAZIO - ZORROTZA;8501;SAN IGNAZIO;6
18;SAN IGNAZIO - ZORROTZA;8502;SAN IGNAZIO;7
18;SAN IGNAZIO - ZORROTZA;8503;SAN IGNAZIO;1
18;SAN IGNAZIO - ZORROTZA;8504;ZORROTZA;12
18;SAN IGNAZIO - ZORROTZA;8505;SAN IGNAZIO;0
18;SAN IGNAZIO - ZORROTZA;8506;ZORROTZA;9
18;SAN IGNAZIO - ZORROTZA;8507;SAN IGNAZIO;26
18;SAN IGNAZIO - ZORROTZA;8509;SAN IGNAZIO;3
18;SAN IGNAZIO - ZORROTZA;8510;ZORROTZA;5
22;SARRIKUE - ATXURI;2104;SARRIKUE;8
22;SARRIKUE - ATXURI;2108;SARRIKUE;7
22;SARRIKUE - ATXURI;2202;ATXURI;5
22;SARRIKUE - ATXURI;2205;SARRIKUE;10
22;SARRIKUE - ATXURI;2206;SARRIKUE;9
22;SARRIKUE - ATXURI;2401;SARRIKUE;3
22;SARRIKUE - ATXURI;2402;SARRIKUE;2
22;SARRIKUE - ATXURI;2409;SARRIKUE;2
22;SARRIKUE - ATXURI;2411;SARRIKUE;5
22;SARRIKUE - ATXURI;2412;SARRIKUE;6
22;SARRIKUE - ATXURI;2415;ATXURI;2
22;SARRIKUE - ATXURI;2501;SARRIKUE;11
22;SARRIKUE - ATXURI;2502;SARRIKUE;13
22;SARRIKUE - ATXURI;2504;ATXURI;9
22;SARRIKUE - ATXURI;2507;SARRIKUE;8
22;SARRIKUE - ATXURI;2508;ATXURI;10
22;SARRIKUE - ATXURI;2510;SARRIKUE;9
22;SARRIKUE - ATXURI;2601;ATXURI;2
22;SARRIKUE - ATXURI;2602;ATXURI;8
22;SARRIKUE - ATXURI;5101;ATXURI;7
22;SARRIKUE - ATXURI;5106;SARRIKUE;1
22;SARRIKUE - ATXURI;5108;ATXURI;6
22;SARRIKUE - ATXURI;5110;SARRIKUE;5
22;SARRIKUE - ATXURI;5405;SARRIKUE;16
22;SARRIKUE - ATXURI;5601;ATXURI;3
22;SARRIKUE - ATXURI;5701;ATXURI;2
22;SARRIKUE - ATXURI;5704;ATXURI;1
27;ARABELLA - BETOLATZA;2301;BETOLAZA;5
27;ARABELLA - BETOLATZA;2403;ARABELLA;11
27;ARABELLA - BETOLATZA;2404;BETOLAZA;4
27;ARABELLA - BETOLATZA;2405;BETOLAZA;2
27;ARABELLA - BETOLATZA;2406;ARABELLA;13
27;ARABELLA - BETOLATZA;2407;ARABELLA;15
27;ARABELLA - BETOLATZA;2501;ARABELLA;1
27;ARABELLA - BETOLATZA;2502;BETOLAZA;2
27;ARABELLA - BETOLATZA;2503;BETOLAZA;15
27;ARABELLA - BETOLATZA;2504;BETOLAZA;10
27;ARABELLA - BETOLATZA;2505;ARABELLA;21
27;ARABELLA - BETOLATZA;2506;ARABELLA;19
27;ARABELLA - BETOLATZA;2508;BETOLAZA;12
27;ARABELLA - BETOLATZA;2510;ARABELLA;23
27;ARABELLA - BETOLATZA;5104;ARABELLA;17
27;ARABELLA - BETOLATZA;6101;ARABELLA;11
27;ARABELLA - BETOLATZA;6102;BETOLAZA;16
27;ARABELLA - BETOLATZA;6103;ARABELLA;10
27;ARABELLA - BETOLATZA;6116;BETOLAZA;19
27;ARABELLA - BETOLATZA;6205;ARABELLA;8
27;ARABELLA - BETOLATZA;6209;ARABELLA;5
27;ARABELLA - BETOLATZA;6210;ARABELLA;4
27;ARABELLA - BETOLATZA;6211;BETOLAZA;2
27;ARABELLA - BETOLATZA;6212;BETOLAZA;4
27;ARABELLA - BETOLATZA;6213;ARABELLA;1
27;ARABELLA - BETOLATZA;6214;BETOLAZA;6
27;ARABELLA - BETOLATZA;7106;BETOLAZA;8
27;ARABELLA - BETOLATZA;7107;ARABELLA;12
27;ARABELLA - BETOLATZA;7303;BETOLAZA;2
27;ARABELLA - BETOLATZA;7308;ARABELLA;8
27;ARABELLA - BETOLATZA;7309;ARABELLA;7
27;ARABELLA - BETOLATZA;7310;BETOLAZA;11
27;ARABELLA - BETOLATZA;7311;ARABELLA;10
27;ARABELLA - BETOLATZA;7314;BETOLAZA;12
27;ARABELLA - BETOLATZA;7501;BETOLAZA;2
27;ARABELLA - BETOLATZA;7502;ARABELLA;0
27;ARABELLA - BETOLATZA;7503;ARABELLA;8
27;ARABELLA - BETOLATZA;7508;ARABELLA;2
27;ARABELLA - BETOLATZA;7509;BETOLAZA;4
27;ARABELLA - BETOLATZA;7510;ARABELLA;3
27;ARABELLA - BETOLATZA;7511;BETOLAZA;6
27;ARABELLA - BETOLATZA;7602;ARABELLA;5
28;URIBARRI - ALTAMIRA;2102;ALTAMIRA;15
28;URIBARRI - ALTAMIRA;2104;URIBARRI;9
28;URIBARRI - ALTAMIRA;2108;URIBARRI;6
28;URIBARRI - ALTAMIRA;2110;ALTAMIRA;13
28;URIBARRI - ALTAMIRA;2203;ALTAMIRA;11
28;URIBARRI - ALTAMIRA;2205;URIBARRI;13
28;URIBARRI - ALTAMIRA;2206;URIBARRI;10
28;URIBARRI - ALTAMIRA;2207;ALTAMIRA;10
28;URIBARRI - ALTAMIRA;2408;ALTAMIRA;17
28;URIBARRI - ALTAMIRA;2409;URIBARRI;14
28;URIBARRI - ALTAMIRA;2410;ALTAMIRA;9
28;URIBARRI - ALTAMIRA;2415;ALTAMIRA;6
28;URIBARRI - ALTAMIRA;2416;URIBARRI;16
28;URIBARRI - ALTAMIRA;5105;ALTAMIRA;19
28;URIBARRI - ALTAMIRA;5108;ALTAMIRA;16
28;URIBARRI - ALTAMIRA;6113;URIBARRI;6
28;URIBARRI - ALTAMIRA;6114;ALTAMIRA;10
28;URIBARRI - ALTAMIRA;6115;URIBARRI;2
28;URIBARRI - ALTAMIRA;6116;ALTAMIRA;11
28;URIBARRI - ALTAMIRA;6117;ALTAMIRA;7
28;URIBARRI - ALTAMIRA;6206;URIBARRI;22
28;URIBARRI - ALTAMIRA;6208;URIBARRI;19
28;URIBARRI - ALTAMIRA;6211;ALTAMIRA;14
28;URIBARRI - ALTAMIRA;6212;ALTAMIRA;16
28;URIBARRI - ALTAMIRA;6217;URIBARRI;18
28;URIBARRI - ALTAMIRA;6221;ALTAMIRA;1
28;URIBARRI - ALTAMIRA;6222;ALTAMIRA;3
28;URIBARRI - ALTAMIRA;8105;ALTAMIRA;13
28;URIBARRI - ALTAMIRA;8106;URIBARRI;5
28;URIBARRI - ALTAMIRA;8107;URIBARRI;10
28;URIBARRI - ALTAMIRA;8114;ALTAMIRA;11
28;URIBARRI - ALTAMIRA;8122;ALTAMIRA;8
28;URIBARRI - ALTAMIRA;8128;URIBARRI;13
28;URIBARRI - ALTAMIRA;8401;ALTAMIRA;15
28;URIBARRI - ALTAMIRA;8402;URIBARRI;1
28;URIBARRI - ALTAMIRA;8403;URIBARRI;4
28;URIBARRI - ALTAMIRA;8601;URIBARRI;17
28;URIBARRI - ALTAMIRA;8602;ALTAMIRA;16
30;TXURDINAGA - MIRIBILLA;2202;MIRIBILLA;9
30;TXURDINAGA - MIRIBILLA;2415;MIRIBILLA;7
30;TXURDINAGA - MIRIBILLA;2504;MIRIBILLA;3
30;TXURDINAGA - MIRIBILLA;2508;MIRIBILLA;5
30;TXURDINAGA - MIRIBILLA;3201;MIRIBILLA;12
30;TXURDINAGA - MIRIBILLA;3205;MIRIBILLA;0
30;TXURDINAGA - MIRIBILLA;3219;TXURDINAGA;9
30;TXURDINAGA - MIRIBILLA;3220;MIRIBILLA;9
30;TXURDINAGA - MIRIBILLA;3223;MIRIBILLA;11
30;TXURDINAGA - MIRIBILLA;3224;TXURDINAGA;11
30;TXURDINAGA - MIRIBILLA;3225;TXURDINAGA;5
30;TXURDINAGA - MIRIBILLA;3226;TXURDINAGA;4
30;TXURDINAGA - MIRIBILLA;3227;TXURDINAGA;7
30;TXURDINAGA - MIRIBILLA;3228;MIRIBILLA;14
30;TXURDINAGA - MIRIBILLA;3229;MIRIBILLA;2
30;TXURDINAGA - MIRIBILLA;4104;TXURDINAGA;1
30;TXURDINAGA - MIRIBILLA;4109;TXURDINAGA;19
30;TXURDINAGA - MIRIBILLA;4301;MIRIBILLA;--
30;TXURDINAGA - MIRIBILLA;5103;TXURDINAGA;10
30;TXURDINAGA - MIRIBILLA;5105;MIRIBILLA;13
30;TXURDINAGA - MIRIBILLA;5108;MIRIBILLA;10
30;TXURDINAGA - MIRIBILLA;5111;TXURDINAGA;15
30;TXURDINAGA - MIRIBILLA;5801;MIRIBILLA;14
30;TXURDINAGA - MIRIBILLA;5802;TXURDINAGA;5
30;TXURDINAGA - MIRIBILLA;5805;TXURDINAGA;3
30;TXURDINAGA - MIRIBILLA;5806;MIRIBILLA;0
30;TXURDINAGA - MIRIBILLA;5901;TXURDINAGA;2
30;TXURDINAGA - MIRIBILLA;5902;MIRIBILLA;4
30;TXURDINAGA - MIRIBILLA;5903;TXURDINAGA;1
30;TXURDINAGA - MIRIBILLA;5904;TXURDINAGA;7
30;TXURDINAGA - MIRIBILLA;5905;MIRIBILLA;5
30;TXURDINAGA - MIRIBILLA;5916;MIRIBILLA;1
30;TXURDINAGA - MIRIBILLA;6119;MIRIBILLA;7
30;TXURDINAGA - MIRIBILLA;6120;TXURDINAGA;8
30;TXURDINAGA - MIRIBILLA;6121;MIRIBILLA;10
30;TXURDINAGA - MIRIBILLA;6123;TXURDINAGA;6
30;TXURDINAGA - MIRIBILLA;6126;TXURDINAGA;13
34;OTXARKOAGA - SANTUTXU;3104;SANTUTXU;14
34;OTXARKOAGA - SANTUTXU;3105;SANTUTXU;21
34;OTXARKOAGA - SANTUTXU;3106;OTXARKOAGA;21
34;OTXARKOAGA - SANTUTXU;3107;SANTUTXU;13
34;OTXARKOAGA - SANTUTXU;3109;SANTUTXU;12
34;OTXARKOAGA - SANTUTXU;3110;SANTUTXU;16
34;OTXARKOAGA - SANTUTXU;3111;SANTUTXU;19
34;OTXARKOAGA - SANTUTXU;3112;SANTUTXU;18
34;OTXARKOAGA - SANTUTXU;3202;SANTUTXU;9
34;OTXARKOAGA - SANTUTXU;3203;SANTUTXU;10
34;OTXARKOAGA - SANTUTXU;3204;SANTUTXU;11
34;OTXARKOAGA - SANTUTXU;3216;OTXARKOAGA;1
34;OTXARKOAGA - SANTUTXU;3218;OTXARKOAGA;27
34;OTXARKOAGA - SANTUTXU;3221;OTXARKOAGA;3
34;OTXARKOAGA - SANTUTXU;3222;OTXARKOAGA;24
34;OTXARKOAGA - SANTUTXU;4202;OTXARKOAGA;3
34;OTXARKOAGA - SANTUTXU;4203;SANTUTXU;6
34;OTXARKOAGA - SANTUTXU;4208;OTXARKOAGA;4
38;OTXARKOAGA - BASURTU/TERMIBUS;2301;BASURTU/TERMIBUS;11
38;OTXARKOAGA - BASURTU/TERMIBUS;2403;OTXARKOAGA;6
38;OTXARKOAGA - BASURTU/TERMIBUS;2404;BASURTU/TERMIBUS;9
38;OTXARKOAGA - BASURTU/TERMIBUS;2405;BASURTU/TERMIBUS;7
38;OTXARKOAGA - BASURTU/TERMIBUS;2406;OTXARKOAGA;8
38;OTXARKOAGA - BASURTU/TERMIBUS;2407;OTXARKOAGA;10
38;OTXARKOAGA - BASURTU/TERMIBUS;2503;BASURTU/TERMIBUS;6
38;OTXARKOAGA - BASURTU/TERMIBUS;2504;BASURTU/TERMIBUS;2
38;OTXARKOAGA - BASURTU/TERMIBUS;2508;BASURTU/TERMIBUS;3
38;OTXARKOAGA - BASURTU/TERMIBUS;3109;OTXARKOAGA;4
38;OTXARKOAGA - BASURTU/TERMIBUS;3201;BASURTU/TERMIBUS;11
38;OTXARKOAGA - BASURTU/TERMIBUS;3204;OTXARKOAGA;2
38;OTXARKOAGA - BASURTU/TERMIBUS;3206;OTXARKOAGA;18
38;OTXARKOAGA - BASURTU/TERMIBUS;3213;OTXARKOAGA;1
38;OTXARKOAGA - BASURTU/TERMIBUS;3221;BASURTU/TERMIBUS;0
38;OTXARKOAGA - BASURTU/TERMIBUS;3222;BASURTU/TERMIBUS;5
38;OTXARKOAGA - BASURTU/TERMIBUS;3226;OTXARKOAGA;16
38;OTXARKOAGA - BASURTU/TERMIBUS;3228;BASURTU/TERMIBUS;12
38;OTXARKOAGA - BASURTU/TERMIBUS;3229;BASURTU/TERMIBUS;14
38;OTXARKOAGA - BASURTU/TERMIBUS;4104;OTXARKOAGA;14
38;OTXARKOAGA - BASURTU/TERMIBUS;4109;OTXARKOAGA;13
38;OTXARKOAGA - BASURTU/TERMIBUS;6101;OTXARKOAGA;4
38;OTXARKOAGA - BASURTU/TERMIBUS;6102;BASURTU/TERMIBUS;5
38;OTXARKOAGA - BASURTU/TERMIBUS;6103;OTXARKOAGA;2
38;OTXARKOAGA - BASURTU/TERMIBUS;6116;BASURTU/TERMIBUS;9
38;OTXARKOAGA - BASURTU/TERMIBUS;6203;BASURTU/TERMIBUS;18
38;OTXARKOAGA - BASURTU/TERMIBUS;6205;OTXARKOAGA;0
38;OTXARKOAGA - BASURTU/TERMIBUS;6209;OTXARKOAGA;12
38;OTXARKOAGA - BASURTU/TERMIBUS;6210;OTXARKOAGA;10
38;OTXARKOAGA - BASURTU/TERMIBUS;6211;BASURTU/TERMIBUS;10
38;OTXARKOAGA - BASURTU/TERMIBUS;6212;BASURTU/TERMIBUS;13
38;OTXARKOAGA - BASURTU/TERMIBUS;6213;OTXARKOAGA;7
38;OTXARKOAGA - BASURTU/TERMIBUS;6214;BASURTU/TERMIBUS;16
38;OTXARKOAGA - BASURTU/TERMIBUS;7104;OTXARKOAGA;6
38;OTXARKOAGA - BASURTU/TERMIBUS;8107;BASURTU/TERMIBUS;3
38;OTXARKOAGA - BASURTU/TERMIBUS;8122;BASURTU/TERMIBUS;1
38;OTXARKOAGA - BASURTU/TERMIBUS;8123;OTXARKOAGA;4
38;OTXARKOAGA - BASURTU/TERMIBUS;8126;OTXARKOAGA;6
40;LA PE헤 - PLAZA BIRIBILA;4102;LA PE헤;20
40;LA PE헤 - PLAZA BIRIBILA;4107;LA PE헤;1
40;LA PE헤 - PLAZA BIRIBILA;4108;LA PE헤;2
40;LA PE헤 - PLAZA BIRIBILA;4201;AYALA;0
40;LA PE헤 - PLAZA BIRIBILA;4204;AYALA;3
40;LA PE헤 - PLAZA BIRIBILA;4205;AYALA;4
40;LA PE헤 - PLAZA BIRIBILA;4210;AYALA;2
40;LA PE헤 - PLAZA BIRIBILA;4211;LA PE헤;6
40;LA PE헤 - PLAZA BIRIBILA;4212;LA PE헤;5
40;LA PE헤 - PLAZA BIRIBILA;4213;LA PE헤;7
40;LA PE헤 - PLAZA BIRIBILA;4305;LA PE헤;8
40;LA PE헤 - PLAZA BIRIBILA;4306;AYALA;18
40;LA PE헤 - PLAZA BIRIBILA;4307;LA PE헤;16
40;LA PE헤 - PLAZA BIRIBILA;4308;AYALA;21
40;LA PE헤 - PLAZA BIRIBILA;4309;LA PE헤;12
40;LA PE헤 - PLAZA BIRIBILA;4310;AYALA;22
40;LA PE헤 - PLAZA BIRIBILA;4311;LA PE헤;11
40;LA PE헤 - PLAZA BIRIBILA;4312;AYALA;23
40;LA PE헤 - PLAZA BIRIBILA;5103;LA PE헤;14
40;LA PE헤 - PLAZA BIRIBILA;5104;LA PE헤;18
40;LA PE헤 - PLAZA BIRIBILA;5105;AYALA;15
40;LA PE헤 - PLAZA BIRIBILA;5106;AYALA;11
40;LA PE헤 - PLAZA BIRIBILA;5111;LA PE헤;16
40;LA PE헤 - PLAZA BIRIBILA;5201;LA PE헤;21
40;LA PE헤 - PLAZA BIRIBILA;5305;LA PE헤;3
40;LA PE헤 - PLAZA BIRIBILA;5403;AYALA;8
40;LA PE헤 - PLAZA BIRIBILA;5404;AYALA;6
40;LA PE헤 - PLAZA BIRIBILA;5407;AYALA;8
40;LA PE헤 - PLAZA BIRIBILA;5501;AYALA;22
40;LA PE헤 - PLAZA BIRIBILA;5502;LA PE헤;20
40;LA PE헤 - PLAZA BIRIBILA;5503;AYALA;12
40;LA PE헤 - PLAZA BIRIBILA;5515;AYALA;13
40;LA PE헤 - PLAZA BIRIBILA;5516;AYALA;19
40;LA PE헤 - PLAZA BIRIBILA;5517;AYALA;20
40;LA PE헤 - PLAZA BIRIBILA;5523;AYALA;21
40;LA PE헤 - PLAZA BIRIBILA;6129;LA PE헤;9
40;LA PE헤 - PLAZA BIRIBILA;6130;AYALA;6
43;GARAIZAR - SANTUTXU;3102;GARAIZAR;12
43;GARAIZAR - SANTUTXU;3109;SANTUTXU;21
43;GARAIZAR - SANTUTXU;3113;GARAIZAR;15
43;GARAIZAR - SANTUTXU;3114;GARAIZAR;14
43;GARAIZAR - SANTUTXU;3115;GARAIZAR;13
43;GARAIZAR - SANTUTXU;3202;GARAIZAR;8
43;GARAIZAR - SANTUTXU;3203;GARAIZAR;9
43;GARAIZAR - SANTUTXU;3204;SANTUTXU;19
43;GARAIZAR - SANTUTXU;3208;GARAIZAR;16
43;GARAIZAR - SANTUTXU;3209;GARAIZAR;17
43;GARAIZAR - SANTUTXU;3213;SANTUTXU;18
43;GARAIZAR - SANTUTXU;3215;GARAIZAR;10
43;GARAIZAR - SANTUTXU;3216;SANTUTXU;1
43;GARAIZAR - SANTUTXU;3218;SANTUTXU;25
43;GARAIZAR - SANTUTXU;3221;SANTUTXU;4
43;GARAIZAR - SANTUTXU;3222;SANTUTXU;22
43;GARAIZAR - SANTUTXU;4202;SANTUTXU;3
43;GARAIZAR - SANTUTXU;4203;GARAIZAR;7
43;GARAIZAR - SANTUTXU;4208;SANTUTXU;5
48;SANTUTXU - LEZEAGA;2301;LEZEAGA;1
48;SANTUTXU - LEZEAGA;2403;SANTUTXU;30
48;SANTUTXU - LEZEAGA;2404;LEZEAGA;22
48;SANTUTXU - LEZEAGA;2405;LEZEAGA;19
48;SANTUTXU - LEZEAGA;2406;SANTUTXU;32
48;SANTUTXU - LEZEAGA;2407;SANTUTXU;1
48;SANTUTXU - LEZEAGA;2503;LEZEAGA;18
48;SANTUTXU - LEZEAGA;2508;LEZEAGA;16
48;SANTUTXU - LEZEAGA;4101;LEZEAGA;11
48;SANTUTXU - LEZEAGA;4102;SANTUTXU;4
48;SANTUTXU - LEZEAGA;4103;LEZEAGA;13
48;SANTUTXU - LEZEAGA;4106;LEZEAGA;10
48;SANTUTXU - LEZEAGA;4107;SANTUTXU;7
48;SANTUTXU - LEZEAGA;4108;SANTUTXU;8
48;SANTUTXU - LEZEAGA;4208;LEZEAGA;6
48;SANTUTXU - LEZEAGA;4209;LEZEAGA;9
48;SANTUTXU - LEZEAGA;4211;SANTUTXU;1
48;SANTUTXU - LEZEAGA;4212;SANTUTXU;11
48;SANTUTXU - LEZEAGA;4213;SANTUTXU;2
48;SANTUTXU - LEZEAGA;5104;SANTUTXU;4
48;SANTUTXU - LEZEAGA;5201;SANTUTXU;5
48;SANTUTXU - LEZEAGA;5305;SANTUTXU;10
48;SANTUTXU - LEZEAGA;6101;SANTUTXU;2
48;SANTUTXU - LEZEAGA;6102;LEZEAGA;11
48;SANTUTXU - LEZEAGA;6103;SANTUTXU;1
48;SANTUTXU - LEZEAGA;6116;LEZEAGA;13
48;SANTUTXU - LEZEAGA;6203;LEZEAGA;24
48;SANTUTXU - LEZEAGA;6205;SANTUTXU;31
48;SANTUTXU - LEZEAGA;6209;SANTUTXU;29
48;SANTUTXU - LEZEAGA;6210;SANTUTXU;27
48;SANTUTXU - LEZEAGA;6211;LEZEAGA;16
48;SANTUTXU - LEZEAGA;6212;LEZEAGA;18
48;SANTUTXU - LEZEAGA;6213;SANTUTXU;23
48;SANTUTXU - LEZEAGA;6214;LEZEAGA;22
48;SANTUTXU - LEZEAGA;7104;SANTUTXU;22
48;SANTUTXU - LEZEAGA;8103;SANTUTXU;15
48;SANTUTXU - LEZEAGA;8104;LEZEAGA;2
48;SANTUTXU - LEZEAGA;8110;SANTUTXU;17
48;SANTUTXU - LEZEAGA;8114;LEZEAGA;1
48;SANTUTXU - LEZEAGA;8122;LEZEAGA;26
48;SANTUTXU - LEZEAGA;8123;SANTUTXU;19
48;SANTUTXU - LEZEAGA;8301;LEZEAGA;5
48;SANTUTXU - LEZEAGA;8302;SANTUTXU;11
48;SANTUTXU - LEZEAGA;8303;SANTUTXU;10
48;SANTUTXU - LEZEAGA;8304;LEZEAGA;6
48;SANTUTXU - LEZEAGA;8305;LEZEAGA;4
48;SANTUTXU - LEZEAGA;8313;SANTUTXU;12
48;SANTUTXU - LEZEAGA;8316;SANTUTXU;9
50;BUIA - LA PE헤;5501;BUIA;1
50;BUIA - LA PE헤;5502;LA PE헤;30
50;BUIA - LA PE헤;5504;LA PE헤;25
50;BUIA - LA PE헤;5505;BUIA;15
50;BUIA - LA PE헤;5506;LA PE헤;23
50;BUIA - LA PE헤;5507;BUIA;17
50;BUIA - LA PE헤;5508;LA PE헤;18
50;BUIA - LA PE헤;5511;BUIA;12
50;BUIA - LA PE헤;5516;BUIA;16
50;BUIA - LA PE헤;5517;BUIA;17
56;LA PE헤 - JESUSEN BIHOTZA;5102;LA PE헤;4
56;LA PE헤 - JESUSEN BIHOTZA;5105;JESUSEN BIHOTZA;6
56;LA PE헤 - JESUSEN BIHOTZA;5106;JESUSEN BIHOTZA;2
56;LA PE헤 - JESUSEN BIHOTZA;5501;JESUSEN BIHOTZA;6
56;LA PE헤 - JESUSEN BIHOTZA;5502;JESUSEN BIHOTZA;6
56;LA PE헤 - JESUSEN BIHOTZA;5503;JESUSEN BIHOTZA;8
56;LA PE헤 - JESUSEN BIHOTZA;5513;JESUSEN BIHOTZA;13
56;LA PE헤 - JESUSEN BIHOTZA;5514;JESUSEN BIHOTZA;10
56;LA PE헤 - JESUSEN BIHOTZA;5515;LA PE헤;1
56;LA PE헤 - JESUSEN BIHOTZA;5516;LA PE헤;10
56;LA PE헤 - JESUSEN BIHOTZA;5517;LA PE헤;10
56;LA PE헤 - JESUSEN BIHOTZA;5519;LA PE헤;5
56;LA PE헤 - JESUSEN BIHOTZA;5520;LA PE헤;4
56;LA PE헤 - JESUSEN BIHOTZA;5521;JESUSEN BIHOTZA;5
56;LA PE헤 - JESUSEN BIHOTZA;5522;LA PE헤;7
56;LA PE헤 - JESUSEN BIHOTZA;5601;LA PE헤;1
56;LA PE헤 - JESUSEN BIHOTZA;5602;JESUSEN BIHOTZA;9
56;LA PE헤 - JESUSEN BIHOTZA;5603;LA PE헤;3
56;LA PE헤 - JESUSEN BIHOTZA;5604;LA PE헤;3
56;LA PE헤 - JESUSEN BIHOTZA;5701;LA PE헤;4
56;LA PE헤 - JESUSEN BIHOTZA;5704;LA PE헤;3
56;LA PE헤 - JESUSEN BIHOTZA;6113;LA PE헤;6
56;LA PE헤 - JESUSEN BIHOTZA;6114;JESUSEN BIHOTZA;7
56;LA PE헤 - JESUSEN BIHOTZA;6115;LA PE헤;3
56;LA PE헤 - JESUSEN BIHOTZA;6116;JESUSEN BIHOTZA;8
56;LA PE헤 - JESUSEN BIHOTZA;6117;JESUSEN BIHOTZA;4
56;LA PE헤 - JESUSEN BIHOTZA;6206;LA PE헤;7
56;LA PE헤 - JESUSEN BIHOTZA;6207;JESUSEN BIHOTZA;10
56;LA PE헤 - JESUSEN BIHOTZA;6208;LA PE헤;6
56;LA PE헤 - JESUSEN BIHOTZA;6217;LA PE헤;2
56;LA PE헤 - JESUSEN BIHOTZA;6230;JESUSEN BIHOTZA;10
57;MIRIBILLA - OSPITALEA;5804;OSPITALEA;14
57;MIRIBILLA - OSPITALEA;5805;OSPITALEA;8
57;MIRIBILLA - OSPITALEA;5901;MIRIBILLA;4
57;MIRIBILLA - OSPITALEA;5902;OSPITALEA;11
57;MIRIBILLA - OSPITALEA;5903;MIRIBILLA;0
57;MIRIBILLA - OSPITALEA;5904;MIRIBILLA;51
57;MIRIBILLA - OSPITALEA;5905;OSPITALEA;11
57;MIRIBILLA - OSPITALEA;5906;MIRIBILLA;47
57;MIRIBILLA - OSPITALEA;5907;MIRIBILLA;49
57;MIRIBILLA - OSPITALEA;5908;MIRIBILLA;47
57;MIRIBILLA - OSPITALEA;5909;OSPITALEA;12
57;MIRIBILLA - OSPITALEA;5910;OSPITALEA;13
57;MIRIBILLA - OSPITALEA;5913;MIRIBILLA;45
57;MIRIBILLA - OSPITALEA;5914;MIRIBILLA;46
57;MIRIBILLA - OSPITALEA;7201;OSPITALEA;14
57;MIRIBILLA - OSPITALEA;7204;MIRIBILLA;0
57;MIRIBILLA - OSPITALEA;7205;MIRIBILLA;6
57;MIRIBILLA - OSPITALEA;7209;MIRIBILLA;44
57;MIRIBILLA - OSPITALEA;7302;MIRIBILLA;38
57;MIRIBILLA - OSPITALEA;7310;OSPITALEA;20
57;MIRIBILLA - OSPITALEA;7311;MIRIBILLA;40
57;MIRIBILLA - OSPITALEA;7314;OSPITALEA;21
57;MIRIBILLA - OSPITALEA;7315;MIRIBILLA;41
57;MIRIBILLA - OSPITALEA;7316;OSPITALEA;19
57;MIRIBILLA - OSPITALEA;8114;MIRIBILLA;25
57;MIRIBILLA - OSPITALEA;8117;MIRIBILLA;34
57;MIRIBILLA - OSPITALEA;8118;OSPITALEA;22
57;MIRIBILLA - OSPITALEA;8122;OSPITALEA;23
57;MIRIBILLA - OSPITALEA;8123;MIRIBILLA;32
58;MINTEGITXUETA - ATXURI;5105;MINTEGITXUETA;8
58;MINTEGITXUETA - ATXURI;5106;MINTEGITXUETA;4
58;MINTEGITXUETA - ATXURI;5405;MINTEGITXUETA;11
58;MINTEGITXUETA - ATXURI;5601;ATXURI;2
58;MINTEGITXUETA - ATXURI;5701;ATXURI;1
58;MINTEGITXUETA - ATXURI;5702;ATXURI;1
58;MINTEGITXUETA - ATXURI;5703;ATXURI;12
58;MINTEGITXUETA - ATXURI;6106;MINTEGITXUETA;10
58;MINTEGITXUETA - ATXURI;6119;MINTEGITXUETA;5
58;MINTEGITXUETA - ATXURI;6202;MINTEGITXUETA;11
58;MINTEGITXUETA - ATXURI;6203;MINTEGITXUETA;13
58;MINTEGITXUETA - ATXURI;7102;ATXURI;10
58;MINTEGITXUETA - ATXURI;7103;ATXURI;8
58;MINTEGITXUETA - ATXURI;7104;ATXURI;6
58;MINTEGITXUETA - ATXURI;8103;ATXURI;0
58;MINTEGITXUETA - ATXURI;8104;MINTEGITXUETA;7
58;MINTEGITXUETA - ATXURI;8105;MINTEGITXUETA;12
58;MINTEGITXUETA - ATXURI;8106;ATXURI;15
58;MINTEGITXUETA - ATXURI;8110;ATXURI;3
58;MINTEGITXUETA - ATXURI;8114;MINTEGITXUETA;4
58;MINTEGITXUETA - ATXURI;8122;MINTEGITXUETA;2
58;MINTEGITXUETA - ATXURI;8123;ATXURI;4
58;MINTEGITXUETA - ATXURI;8301;MINTEGITXUETA;9
58;MINTEGITXUETA - ATXURI;8302;ATXURI;17
58;MINTEGITXUETA - ATXURI;8303;ATXURI;16
58;MINTEGITXUETA - ATXURI;8304;MINTEGITXUETA;10
58;MINTEGITXUETA - ATXURI;8305;MINTEGITXUETA;8
58;MINTEGITXUETA - ATXURI;8306;ATXURI;3
58;MINTEGITXUETA - ATXURI;8307;ATXURI;2
58;MINTEGITXUETA - ATXURI;8308;ATXURI;15
58;MINTEGITXUETA - ATXURI;8309;MINTEGITXUETA;11
58;MINTEGITXUETA - ATXURI;8310;ATXURI;1
58;MINTEGITXUETA - ATXURI;8311;ATXURI;0
58;MINTEGITXUETA - ATXURI;8312;ATXURI;14
58;MINTEGITXUETA - ATXURI;8313;ATXURI;18
58;MINTEGITXUETA - ATXURI;8314;ATXURI;12
58;MINTEGITXUETA - ATXURI;8401;MINTEGITXUETA;13
58;MINTEGITXUETA - ATXURI;8402;ATXURI;12
58;MINTEGITXUETA - ATXURI;8403;ATXURI;13
58;MINTEGITXUETA - ATXURI;8404;ATXURI;5
58;MINTEGITXUETA - ATXURI;8601;ATXURI;10
58;MINTEGITXUETA - ATXURI;8602;MINTEGITXUETA;14
58;MINTEGITXUETA - ATXURI;8603;MINTEGITXUETA;5
58;MINTEGITXUETA - ATXURI;8604;ATXURI;4
58;MINTEGITXUETA - ATXURI;8605;MINTEGITXUETA;3
58;MINTEGITXUETA - ATXURI;8606;MINTEGITXUETA;4
58;MINTEGITXUETA - ATXURI;8607;MINTEGITXUETA;0
58;MINTEGITXUETA - ATXURI;8608;MINTEGITXUETA;1
58;MINTEGITXUETA - ATXURI;8609;MINTEGITXUETA;18
58;MINTEGITXUETA - ATXURI;8610;ATXURI;6
58;MINTEGITXUETA - ATXURI;8611;ATXURI;8
58;MINTEGITXUETA - ATXURI;8612;MINTEGITXUETA;6
58;MINTEGITXUETA - ATXURI;8613;MINTEGITXUETA;6
62;SAN MAMES - ARABELLA;2202;SAN MAMES;17
62;SAN MAMES - ARABELLA;2415;SAN MAMES;14
62;SAN MAMES - ARABELLA;2501;ARABELLA;8
62;SAN MAMES - ARABELLA;2502;SAN MAMES;9
62;SAN MAMES - ARABELLA;2504;SAN MAMES;10
62;SAN MAMES - ARABELLA;2505;ARABELLA;4
62;SAN MAMES - ARABELLA;2506;ARABELLA;2
62;SAN MAMES - ARABELLA;2508;SAN MAMES;11
62;SAN MAMES - ARABELLA;2510;ARABELLA;6
62;SAN MAMES - ARABELLA;5103;ARABELLA;8
62;SAN MAMES - ARABELLA;5104;ARABELLA;14
62;SAN MAMES - ARABELLA;5110;ARABELLA;5
62;SAN MAMES - ARABELLA;5111;ARABELLA;11
62;SAN MAMES - ARABELLA;6113;ARABELLA;8
62;SAN MAMES - ARABELLA;6115;ARABELLA;4
62;SAN MAMES - ARABELLA;6122;SAN MAMES;8
62;SAN MAMES - ARABELLA;6124;SAN MAMES;11
62;SAN MAMES - ARABELLA;6128;SAN MAMES;13
62;SAN MAMES - ARABELLA;6206;ARABELLA;2
62;SAN MAMES - ARABELLA;6208;ARABELLA;27
62;SAN MAMES - ARABELLA;6217;ARABELLA;25
62;SAN MAMES - ARABELLA;6221;SAN MAMES;18
62;SAN MAMES - ARABELLA;6222;SAN MAMES;19
62;SAN MAMES - ARABELLA;6226;SAN MAMES;15
62;SAN MAMES - ARABELLA;8124;ARABELLA;20
71;MIRIBILLA - SAN IGNAZIO;1101;MIRIBILLA;6
71;MIRIBILLA - SAN IGNAZIO;1102;SAN IGNAZIO;10
71;MIRIBILLA - SAN IGNAZIO;1103;MIRIBILLA;5
71;MIRIBILLA - SAN IGNAZIO;1104;SAN IGNAZIO;12
71;MIRIBILLA - SAN IGNAZIO;1105;MIRIBILLA;2
71;MIRIBILLA - SAN IGNAZIO;1301;SAN IGNAZIO;8
71;MIRIBILLA - SAN IGNAZIO;1302;SAN IGNAZIO;7
71;MIRIBILLA - SAN IGNAZIO;1303;MIRIBILLA;7
71;MIRIBILLA - SAN IGNAZIO;1304;SAN IGNAZIO;9
71;MIRIBILLA - SAN IGNAZIO;1305;MIRIBILLA;8
71;MIRIBILLA - SAN IGNAZIO;1410;SAN IGNAZIO;2
71;MIRIBILLA - SAN IGNAZIO;1412;MIRIBILLA;9
71;MIRIBILLA - SAN IGNAZIO;1413;MIRIBILLA;13
71;MIRIBILLA - SAN IGNAZIO;1414;MIRIBILLA;11
71;MIRIBILLA - SAN IGNAZIO;1415;SAN IGNAZIO;6
71;MIRIBILLA - SAN IGNAZIO;1423;SAN IGNAZIO;4
71;MIRIBILLA - SAN IGNAZIO;1426;MIRIBILLA;17
71;MIRIBILLA - SAN IGNAZIO;1427;SAN IGNAZIO;1
71;MIRIBILLA - SAN IGNAZIO;2101;MIRIBILLA;0
71;MIRIBILLA - SAN IGNAZIO;2102;MIRIBILLA;2
71;MIRIBILLA - SAN IGNAZIO;2103;SAN IGNAZIO;17
71;MIRIBILLA - SAN IGNAZIO;2105;SAN IGNAZIO;15
71;MIRIBILLA - SAN IGNAZIO;2108;SAN IGNAZIO;14
71;MIRIBILLA - SAN IGNAZIO;2109;MIRIBILLA;18
71;MIRIBILLA - SAN IGNAZIO;5105;MIRIBILLA;4
71;MIRIBILLA - SAN IGNAZIO;5108;MIRIBILLA;2
71;MIRIBILLA - SAN IGNAZIO;5802;SAN IGNAZIO;7
71;MIRIBILLA - SAN IGNAZIO;5803;SAN IGNAZIO;5
71;MIRIBILLA - SAN IGNAZIO;5804;SAN IGNAZIO;4
71;MIRIBILLA - SAN IGNAZIO;5904;SAN IGNAZIO;23
71;MIRIBILLA - SAN IGNAZIO;5906;MIRIBILLA;7
71;MIRIBILLA - SAN IGNAZIO;5907;MIRIBILLA;10
71;MIRIBILLA - SAN IGNAZIO;5908;MIRIBILLA;8
71;MIRIBILLA - SAN IGNAZIO;5909;SAN IGNAZIO;1
71;MIRIBILLA - SAN IGNAZIO;5910;SAN IGNAZIO;2
71;MIRIBILLA - SAN IGNAZIO;5913;MIRIBILLA;5
71;MIRIBILLA - SAN IGNAZIO;5914;MIRIBILLA;6
71;MIRIBILLA - SAN IGNAZIO;6118;SAN IGNAZIO;11
71;MIRIBILLA - SAN IGNAZIO;6119;MIRIBILLA;14
71;MIRIBILLA - SAN IGNAZIO;6120;SAN IGNAZIO;9
71;MIRIBILLA - SAN IGNAZIO;6121;MIRIBILLA;17
71;MIRIBILLA - SAN IGNAZIO;6123;SAN IGNAZIO;8
71;MIRIBILLA - SAN IGNAZIO;7206;MIRIBILLA;3
71;MIRIBILLA - SAN IGNAZIO;7207;MIRIBILLA;1
72;LARRASKITU - CASTA헲S/GAZTELEKU;2102;ERREKALDE;10
72;LARRASKITU - CASTA헲S/GAZTELEKU;2104;CASTA헲S;9
72;LARRASKITU - CASTA헲S/GAZTELEKU;2107;ERREKALDE;0
72;LARRASKITU - CASTA헲S/GAZTELEKU;2108;CASTA헲S;8
72;LARRASKITU - CASTA헲S/GAZTELEKU;2110;ERREKALDE;8
72;LARRASKITU - CASTA헲S/GAZTELEKU;2111;ERREKALDE;5
72;LARRASKITU - CASTA헲S/GAZTELEKU;2201;CASTA헲S;11
72;LARRASKITU - CASTA헲S/GAZTELEKU;2203;CASTA헲S;13
72;LARRASKITU - CASTA헲S/GAZTELEKU;2206;CASTA헲S;10
72;LARRASKITU - CASTA헲S/GAZTELEKU;2207;CASTA헲S;13
72;LARRASKITU - CASTA헲S/GAZTELEKU;5105;ERREKALDE;1
72;LARRASKITU - CASTA헲S/GAZTELEKU;5108;ERREKALDE;10
72;LARRASKITU - CASTA헲S/GAZTELEKU;5601;CASTA헲S;2
72;LARRASKITU - CASTA헲S/GAZTELEKU;5701;CASTA헲S;2
72;LARRASKITU - CASTA헲S/GAZTELEKU;5704;CASTA헲S;0
72;LARRASKITU - CASTA헲S/GAZTELEKU;6113;CASTA헲S;8
72;LARRASKITU - CASTA헲S/GAZTELEKU;6114;ERREKALDE;15
72;LARRASKITU - CASTA헲S/GAZTELEKU;6115;CASTA헲S;5
72;LARRASKITU - CASTA헲S/GAZTELEKU;6116;ERREKALDE;17
72;LARRASKITU - CASTA헲S/GAZTELEKU;6117;ERREKALDE;12
72;LARRASKITU - CASTA헲S/GAZTELEKU;6206;CASTA헲S;3
72;LARRASKITU - CASTA헲S/GAZTELEKU;6209;CASTA헲S;1
72;LARRASKITU - CASTA헲S/GAZTELEKU;6210;CASTA헲S;17
72;LARRASKITU - CASTA헲S/GAZTELEKU;6211;ERREKALDE;18
72;LARRASKITU - CASTA헲S/GAZTELEKU;6212;ERREKALDE;0
72;LARRASKITU - CASTA헲S/GAZTELEKU;6213;CASTA헲S;14
72;LARRASKITU - CASTA헲S/GAZTELEKU;6214;ERREKALDE;3
72;LARRASKITU - CASTA헲S/GAZTELEKU;7106;ERREKALDE;3
72;LARRASKITU - CASTA헲S/GAZTELEKU;7107;CASTA헲S;13
72;LARRASKITU - CASTA헲S/GAZTELEKU;7304;CASTA헲S;9
72;LARRASKITU - CASTA헲S/GAZTELEKU;7305;ERREKALDE;9
72;LARRASKITU - CASTA헲S/GAZTELEKU;7306;CASTA헲S;9
72;LARRASKITU - CASTA헲S/GAZTELEKU;7307;CASTA헲S;7
72;LARRASKITU - CASTA헲S/GAZTELEKU;7310;ERREKALDE;6
72;LARRASKITU - CASTA헲S/GAZTELEKU;7311;CASTA헲S;11
72;LARRASKITU - CASTA헲S/GAZTELEKU;7312;PE헤SCAL;1
72;LARRASKITU - CASTA헲S/GAZTELEKU;7313;PE헤SCAL;2
72;LARRASKITU - CASTA헲S/GAZTELEKU;7322;CASTA헲S;28
72;LARRASKITU - CASTA헲S/GAZTELEKU;7323;CASTA헲S;22
72;LARRASKITU - CASTA헲S/GAZTELEKU;7404;CASTA헲S;6
72;LARRASKITU - CASTA헲S/GAZTELEKU;7406;ERREKALDE;16
72;LARRASKITU - CASTA헲S/GAZTELEKU;7408;CASTA헲S;3
72;LARRASKITU - CASTA헲S/GAZTELEKU;7409;ERREKALDE;11
72;LARRASKITU - CASTA헲S/GAZTELEKU;7410;ERREKALDE;9
72;LARRASKITU - CASTA헲S/GAZTELEKU;7411;ERREKALDE;13
72;LARRASKITU - CASTA헲S/GAZTELEKU;7416;ERREKALDE;18
72;LARRASKITU - CASTA헲S/GAZTELEKU;7417;CASTA헲S;1
72;LARRASKITU - CASTA헲S/GAZTELEKU;7601;PE헤SCAL;3
72;LARRASKITU - CASTA헲S/GAZTELEKU;7602;CASTA헲S;3
72;LARRASKITU - CASTA헲S/GAZTELEKU;7603;CASTA헲S;2
72;LARRASKITU - CASTA헲S/GAZTELEKU;7604;PE헤SCAL;5
72;LARRASKITU - CASTA헲S/GAZTELEKU;7605;PE헤SCAL;4
72;LARRASKITU - CASTA헲S/GAZTELEKU;7606;CASTA헲S;1
72;LARRASKITU - CASTA헲S/GAZTELEKU;7701;CASTA헲S;6
75;SAN ADRIAN - ATXURI;5102;ATXURI;15
75;SAN ADRIAN - ATXURI;5105;SAN ADRIAN;9
75;SAN ADRIAN - ATXURI;5106;SAN ADRIAN;6
75;SAN ADRIAN - ATXURI;5405;SAN ADRIAN;4
75;SAN ADRIAN - ATXURI;5601;ATXURI;12
75;SAN ADRIAN - ATXURI;5701;ATXURI;11
75;SAN ADRIAN - ATXURI;5704;ATXURI;9
75;SAN ADRIAN - ATXURI;5802;ATXURI;9
75;SAN ADRIAN - ATXURI;5804;ATXURI;3
75;SAN ADRIAN - ATXURI;5906;SAN ADRIAN;7
75;SAN ADRIAN - ATXURI;5908;SAN ADRIAN;8
75;SAN ADRIAN - ATXURI;5909;ATXURI;11
75;SAN ADRIAN - ATXURI;5910;ATXURI;1
75;SAN ADRIAN - ATXURI;5913;SAN ADRIAN;4
75;SAN ADRIAN - ATXURI;5914;SAN ADRIAN;6
75;SAN ADRIAN - ATXURI;6118;ATXURI;1
75;SAN ADRIAN - ATXURI;6119;SAN ADRIAN;5
75;SAN ADRIAN - ATXURI;6120;ATXURI;12
75;SAN ADRIAN - ATXURI;6123;ATXURI;10
75;SAN ADRIAN - ATXURI;7108;SAN ADRIAN;10
75;SAN ADRIAN - ATXURI;7201;ATXURI;5
75;SAN ADRIAN - ATXURI;7203;SAN ADRIAN;12
75;SAN ADRIAN - ATXURI;7204;SAN ADRIAN;0
75;SAN ADRIAN - ATXURI;7205;SAN ADRIAN;14
75;SAN ADRIAN - ATXURI;7208;ATXURI;6
75;SAN ADRIAN - ATXURI;7209;SAN ADRIAN;2
75;SAN ADRIAN - ATXURI;7210;ATXURI;7
76;ARTATZU/XALBADOR - MOYUA;5802;PLAZA MOYUA;16
76;ARTATZU/XALBADOR - MOYUA;5803;PLAZA MOYUA;14
76;ARTATZU/XALBADOR - MOYUA;5804;PLAZA MOYUA;12
76;ARTATZU/XALBADOR - MOYUA;5911;ARTAZU;7
76;ARTATZU/XALBADOR - MOYUA;5912;PLAZA MOYUA;9
76;ARTATZU/XALBADOR - MOYUA;5913;ARTAZU;5
76;ARTATZU/XALBADOR - MOYUA;5914;ARTAZU;6
76;ARTATZU/XALBADOR - MOYUA;5915;PLAZA MOYUA;8
76;ARTATZU/XALBADOR - MOYUA;6104;PLAZA MOYUA;18
76;ARTATZU/XALBADOR - MOYUA;6108;XALBADOR;3
76;ARTATZU/XALBADOR - MOYUA;6112;XALBADOR;13
76;ARTATZU/XALBADOR - MOYUA;6123;PLAZA MOYUA;17
76;ARTATZU/XALBADOR - MOYUA;6201;PLAZA MOYUA;20
76;ARTATZU/XALBADOR - MOYUA;6206;PLAZA MOYUA;1
76;ARTATZU/XALBADOR - MOYUA;6209;PLAZA MOYUA;24
76;ARTATZU/XALBADOR - MOYUA;6210;PLAZA MOYUA;23
76;ARTATZU/XALBADOR - MOYUA;7108;XALBADOR;15
76;ARTATZU/XALBADOR - MOYUA;7203;XALBADOR;16
76;ARTATZU/XALBADOR - MOYUA;7204;ARTAZU;1
76;ARTATZU/XALBADOR - MOYUA;7205;XALBADOR;18
76;ARTATZU/XALBADOR - MOYUA;7209;ARTAZU;3
76;ARTATZU/XALBADOR - MOYUA;7301;PLAZA MOYUA;28
76;ARTATZU/XALBADOR - MOYUA;7306;ARTAZU;19
76;ARTATZU/XALBADOR - MOYUA;7307;ARTAZU;18
76;ARTATZU/XALBADOR - MOYUA;7308;PLAZA MOYUA;13
76;ARTATZU/XALBADOR - MOYUA;7309;PLAZA MOYUA;11
76;ARTATZU/XALBADOR - MOYUA;7312;ARTAZU;21
76;ARTATZU/XALBADOR - MOYUA;7313;XALBADOR;3
76;ARTATZU/XALBADOR - MOYUA;7317;PLAZA MOYUA;10
76;ARTATZU/XALBADOR - MOYUA;7318;XALBADOR;5
76;ARTATZU/XALBADOR - MOYUA;7319;PLAZA MOYUA;6
76;ARTATZU/XALBADOR - MOYUA;7320;ARTAZU;28
76;ARTATZU/XALBADOR - MOYUA;7404;ARTAZU;16
76;ARTATZU/XALBADOR - MOYUA;7405;ARTAZU;9
76;ARTATZU/XALBADOR - MOYUA;7406;PLAZA MOYUA;1
76;ARTATZU/XALBADOR - MOYUA;7407;PLAZA MOYUA;4
76;ARTATZU/XALBADOR - MOYUA;7408;ARTAZU;13
76;ARTATZU/XALBADOR - MOYUA;7409;PLAZA MOYUA;16
76;ARTATZU/XALBADOR - MOYUA;7410;PLAZA MOYUA;15
76;ARTATZU/XALBADOR - MOYUA;7411;PLAZA MOYUA;17
77;PE헤SCAL - MINA DEL MORRO;4204;PE헤SCAL;2
77;PE헤SCAL - MINA DEL MORRO;4205;PE헤SCAL;6
77;PE헤SCAL - MINA DEL MORRO;4206;MINA DEL MORRO;2
77;PE헤SCAL - MINA DEL MORRO;5102;MINA DEL MORRO;12
77;PE헤SCAL - MINA DEL MORRO;5105;PE헤SCAL;2
77;PE헤SCAL - MINA DEL MORRO;5106;PE헤SCAL;11
77;PE헤SCAL - MINA DEL MORRO;5401;MINA DEL MORRO;10
77;PE헤SCAL - MINA DEL MORRO;5402;MINA DEL MORRO;11
77;PE헤SCAL - MINA DEL MORRO;5403;PE헤SCAL;8
77;PE헤SCAL - MINA DEL MORRO;5404;PE헤SCAL;7
77;PE헤SCAL - MINA DEL MORRO;5406;MINA DEL MORRO;9
77;PE헤SCAL - MINA DEL MORRO;5407;PE헤SCAL;10
77;PE헤SCAL - MINA DEL MORRO;5601;MINA DEL MORRO;1
77;PE헤SCAL - MINA DEL MORRO;5701;MINA DEL MORRO;10
77;PE헤SCAL - MINA DEL MORRO;5704;MINA DEL MORRO;8
77;PE헤SCAL - MINA DEL MORRO;6113;MINA DEL MORRO;3
77;PE헤SCAL - MINA DEL MORRO;6114;PE헤SCAL;1
77;PE헤SCAL - MINA DEL MORRO;6115;MINA DEL MORRO;11
77;PE헤SCAL - MINA DEL MORRO;6116;PE헤SCAL;2
77;PE헤SCAL - MINA DEL MORRO;6117;PE헤SCAL;12
77;PE헤SCAL - MINA DEL MORRO;6206;MINA DEL MORRO;8
77;PE헤SCAL - MINA DEL MORRO;6209;MINA DEL MORRO;6
77;PE헤SCAL - MINA DEL MORRO;6210;MINA DEL MORRO;5
77;PE헤SCAL - MINA DEL MORRO;6211;PE헤SCAL;4
77;PE헤SCAL - MINA DEL MORRO;6212;PE헤SCAL;1
77;PE헤SCAL - MINA DEL MORRO;6213;MINA DEL MORRO;2
77;PE헤SCAL - MINA DEL MORRO;6214;PE헤SCAL;5
77;PE헤SCAL - MINA DEL MORRO;7106;PE헤SCAL;6
77;PE헤SCAL - MINA DEL MORRO;7107;MINA DEL MORRO;13
77;PE헤SCAL - MINA DEL MORRO;7308;MINA DEL MORRO;8
77;PE헤SCAL - MINA DEL MORRO;7309;MINA DEL MORRO;6
77;PE헤SCAL - MINA DEL MORRO;7310;PE헤SCAL;9
77;PE헤SCAL - MINA DEL MORRO;7311;MINA DEL MORRO;10
77;PE헤SCAL - MINA DEL MORRO;7312;PE헤SCAL;10
77;PE헤SCAL - MINA DEL MORRO;7313;PE헤SCAL;11
77;PE헤SCAL - MINA DEL MORRO;7601;PE헤SCAL;13
77;PE헤SCAL - MINA DEL MORRO;7602;MINA DEL MORRO;4
77;PE헤SCAL - MINA DEL MORRO;7603;MINA DEL MORRO;3
77;PE헤SCAL - MINA DEL MORRO;7604;PE헤SCAL;3
77;PE헤SCAL - MINA DEL MORRO;7605;PE헤SCAL;15
77;PE헤SCAL - MINA DEL MORRO;7606;MINA DEL MORRO;0
77;PE헤SCAL - MINA DEL MORRO;7701;MINA DEL MORRO;4
85;ZAZPILANDA - ATXURI;5102;ATXURI;16
85;ZAZPILANDA - ATXURI;5105;ZAZPILANDA;0
85;ZAZPILANDA - ATXURI;5106;ZAZPILANDA;14
85;ZAZPILANDA - ATXURI;5405;ZAZPILANDA;29
85;ZAZPILANDA - ATXURI;5601;ATXURI;1
85;ZAZPILANDA - ATXURI;5701;ATXURI;1
85;ZAZPILANDA - ATXURI;5704;ATXURI;0
85;ZAZPILANDA - ATXURI;6106;ZAZPILANDA;14
85;ZAZPILANDA - ATXURI;6118;ATXURI;20
85;ZAZPILANDA - ATXURI;6119;ZAZPILANDA;7
85;ZAZPILANDA - ATXURI;6120;ATXURI;19
85;ZAZPILANDA - ATXURI;6202;ZAZPILANDA;14
85;ZAZPILANDA - ATXURI;6203;ZAZPILANDA;16
85;ZAZPILANDA - ATXURI;7102;ATXURI;17
85;ZAZPILANDA - ATXURI;7103;ATXURI;16
85;ZAZPILANDA - ATXURI;7104;ATXURI;14
85;ZAZPILANDA - ATXURI;8111;ATXURI;6
85;ZAZPILANDA - ATXURI;8112;ZAZPILANDA;2
85;ZAZPILANDA - ATXURI;8113;ATXURI;5
85;ZAZPILANDA - ATXURI;8122;ZAZPILANDA;1
85;ZAZPILANDA - ATXURI;8123;ATXURI;10
85;ZAZPILANDA - ATXURI;8204;ZAZPILANDA;4
85;ZAZPILANDA - ATXURI;8205;ZAZPILANDA;5
85;ZAZPILANDA - ATXURI;8317;ATXURI;4
85;ZAZPILANDA - ATXURI;8501;ATXURI;17
85;ZAZPILANDA - ATXURI;8502;ATXURI;18
85;ZAZPILANDA - ATXURI;8503;ATXURI;12
85;ZAZPILANDA - ATXURI;8504;ZAZPILANDA;13
85;ZAZPILANDA - ATXURI;8505;ATXURI;10
85;ZAZPILANDA - ATXURI;8506;ZAZPILANDA;11
85;ZAZPILANDA - ATXURI;8507;ATXURI;22
85;ZAZPILANDA - ATXURI;8509;ATXURI;14
85;ZAZPILANDA - ATXURI;8510;ZAZPILANDA;8
88;KASTREXANA - INDAUTXU;6213;INDAUTXU;23
88;KASTREXANA - INDAUTXU;6223;KASTREXANA;24
88;KASTREXANA - INDAUTXU;6228;KASTREXANA;33
88;KASTREXANA - INDAUTXU;7104;INDAUTXU;22
88;KASTREXANA - INDAUTXU;8111;INDAUTXU;18
88;KASTREXANA - INDAUTXU;8112;KASTREXANA;35
88;KASTREXANA - INDAUTXU;8113;INDAUTXU;16
88;KASTREXANA - INDAUTXU;8122;KASTREXANA;34
88;KASTREXANA - INDAUTXU;8123;INDAUTXU;20
88;KASTREXANA - INDAUTXU;8204;KASTREXANA;37
88;KASTREXANA - INDAUTXU;8205;KASTREXANA;38
88;KASTREXANA - INDAUTXU;8317;INDAUTXU;15
88;KASTREXANA - INDAUTXU;8506;INDAUTXU;8
88;KASTREXANA - INDAUTXU;8508;KASTREXANA;49
88;KASTREXANA - INDAUTXU;8509;INDAUTXU;9
88;KASTREXANA - INDAUTXU;8510;KASTREXANA;44
88;KASTREXANA - INDAUTXU;8511;INDAUTXU;6
88;KASTREXANA - INDAUTXU;8614;INDAUTXU;1
88;KASTREXANA - INDAUTXU;8615;KASTREXANA;51
88;KASTREXANA - INDAUTXU;8616;KASTREXANA;54
88;KASTREXANA - INDAUTXU;8617;KASTREXANA;52
88;KASTREXANA - INDAUTXU;8618;INDAUTXU;60
88;KASTREXANA - INDAUTXU;8619;KASTREXANA;53
88;KASTREXANA - INDAUTXU;8620;INDAUTXU;55
88;KASTREXANA - INDAUTXU;8621;INDAUTXU;55
A1;ASUNCION - PLAZA BIRIBILA;2202;PLAZA BIRIBILA;13
A1;ASUNCION - PLAZA BIRIBILA;2302;PLAZA BIRIBILA;0
A1;ASUNCION - PLAZA BIRIBILA;2303;PLAZA BIRIBILA;52
A1;ASUNCION - PLAZA BIRIBILA;2411;PLAZA BIRIBILA;3
A1;ASUNCION - PLAZA BIRIBILA;2412;PLAZA BIRIBILA;4
A1;ASUNCION - PLAZA BIRIBILA;2413;PLAZA BIRIBILA;3
A1;ASUNCION - PLAZA BIRIBILA;2414;PLAZA BIRIBILA;2
A1;ASUNCION - PLAZA BIRIBILA;2415;PLAZA BIRIBILA;10
A1;ASUNCION - PLAZA BIRIBILA;2505;ASUNCION;44
A1;ASUNCION - PLAZA BIRIBILA;2506;ASUNCION;42
A1;ASUNCION - PLAZA BIRIBILA;2507;PLAZA BIRIBILA;6
A1;ASUNCION - PLAZA BIRIBILA;2508;PLAZA BIRIBILA;8
A1;ASUNCION - PLAZA BIRIBILA;2701;ASUNCION;50
A1;ASUNCION - PLAZA BIRIBILA;2702;ASUNCION;52
A1;ASUNCION - PLAZA BIRIBILA;2703;ASUNCION;46
A1;ASUNCION - PLAZA BIRIBILA;2704;ASUNCION;48
A1;ASUNCION - PLAZA BIRIBILA;2705;ASUNCION;49
A1;ASUNCION - PLAZA BIRIBILA;5103;ASUNCION;31
A1;ASUNCION - PLAZA BIRIBILA;5104;ASUNCION;38
A1;ASUNCION - PLAZA BIRIBILA;5105;PLAZA BIRIBILA;15
A1;ASUNCION - PLAZA BIRIBILA;5108;PLAZA BIRIBILA;13
A1;ASUNCION - PLAZA BIRIBILA;5111;ASUNCION;35
A1;ASUNCION - PLAZA BIRIBILA;6129;ASUNCION;24
A1;ASUNCION - PLAZA BIRIBILA;6130;PLAZA BIRIBILA;23
A2;SOLOKOETXE - PLAZA BIRIBILA;5105;PLAZA BIRIBILA;17
A2;SOLOKOETXE - PLAZA BIRIBILA;5106;PLAZA BIRIBILA;15
A2;SOLOKOETXE - PLAZA BIRIBILA;5107;SOLOKOETXE;27
A2;SOLOKOETXE - PLAZA BIRIBILA;5109;SOLOKOETXE;29
A2;SOLOKOETXE - PLAZA BIRIBILA;5202;SOLOKOETXE;3
A2;SOLOKOETXE - PLAZA BIRIBILA;5203;SOLOKOETXE;1
A2;SOLOKOETXE - PLAZA BIRIBILA;5204;SOLOKOETXE;31
A2;SOLOKOETXE - PLAZA BIRIBILA;5205;SOLOKOETXE;33
A2;SOLOKOETXE - PLAZA BIRIBILA;5301;SOLOKOETXE;4
A2;SOLOKOETXE - PLAZA BIRIBILA;5302;PLAZA BIRIBILA;5
A2;SOLOKOETXE - PLAZA BIRIBILA;5303;SOLOKOETXE;4
A2;SOLOKOETXE - PLAZA BIRIBILA;5304;PLAZA BIRIBILA;13
A2;SOLOKOETXE - PLAZA BIRIBILA;5306;PLAZA BIRIBILA;14
A2;SOLOKOETXE - PLAZA BIRIBILA;6126;SOLOKOETXE;26
A3;OLABEAGA - MOYUA;6206;MOYUA;11
A3;OLABEAGA - MOYUA;6207;OLABEAGA;17
A3;OLABEAGA - MOYUA;6208;MOYUA;9
A3;OLABEAGA - MOYUA;6217;MOYUA;7
A3;OLABEAGA - MOYUA;6219;OLABEAGA;12
A3;OLABEAGA - MOYUA;6224;OLABEAGA;18
A3;OLABEAGA - MOYUA;8202;MOYUA;20
A3;OLABEAGA - MOYUA;8203;OLABEAGA;2
A3;OLABEAGA - MOYUA;8206;OLABEAGA;2
A3;OLABEAGA - MOYUA;8207;MOYUA;2
A3;OLABEAGA - MOYUA;8208;MOYUA;1
A3;OLABEAGA - MOYUA;8209;MOYUA;0
A3;OLABEAGA - MOYUA;8210;OLABEAGA;6
A3;OLABEAGA - MOYUA;8211;OLABEAGA;3
A3;OLABEAGA - MOYUA;8212;MOYUA;16
A4;ZORROTZAURRE - DEUSTU;1403;DEUSTU;31
A4;ZORROTZAURRE - DEUSTU;1414;DEUSTU;3
A4;ZORROTZAURRE - DEUSTU;1416;ZORROTZAURRE;5
A4;ZORROTZAURRE - DEUSTU;1417;ZORROTZAURRE;9
A4;ZORROTZAURRE - DEUSTU;1428;DEUSTU;1
A4;ZORROTZAURRE - DEUSTU;1501;DEUSTU;25
A4;ZORROTZAURRE - DEUSTU;1503;DEUSTU;25
A4;ZORROTZAURRE - DEUSTU;1504;DEUSTU;23
A4;ZORROTZAURRE - DEUSTU;1505;DEUSTU;22
A4;ZORROTZAURRE - DEUSTU;1506;ZORROTZAURRE;13
A4;ZORROTZAURRE - DEUSTU;1508;ZORROTZAURRE;14
A4;ZORROTZAURRE - DEUSTU;1509;ZORROTZAURRE;15
A4;ZORROTZAURRE - DEUSTU;1510;ZORROTZAURRE;16
A4;ZORROTZAURRE - DEUSTU;1511;DEUSTU;20
A4;ZORROTZAURRE - DEUSTU;1512;DEUSTU;20
A4;ZORROTZAURRE - DEUSTU;1513;DEUSTU;21
A4;ZORROTZAURRE - DEUSTU;1514;ZORROTZAURRE;17
A4;ZORROTZAURRE - DEUSTU;1515;ZORROTZAURRE;18
A5;PRIM - PLAZA BIRIBILA;2202;PLAZA BIRIBILA;2
A5;PRIM - PLAZA BIRIBILA;2415;PLAZA BIRIBILA;24
A5;PRIM - PLAZA BIRIBILA;2508;PLAZA BIRIBILA;22
A5;PRIM - PLAZA BIRIBILA;4101;PRIM;16
A5;PRIM - PLAZA BIRIBILA;4103;PLAZA BIRIBILA;17
A5;PRIM - PLAZA BIRIBILA;5107;PRIM;11
A5;PRIM - PLAZA BIRIBILA;5109;PRIM;12
A5;PRIM - PLAZA BIRIBILA;5204;PRIM;13
A5;PRIM - PLAZA BIRIBILA;5205;PRIM;14
A5;PRIM - PLAZA BIRIBILA;5206;PRIM;14
A5;PRIM - PLAZA BIRIBILA;5207;PRIM;15
A5;PRIM - PLAZA BIRIBILA;6113;PRIM;16
A5;PRIM - PLAZA BIRIBILA;6122;PLAZA BIRIBILA;14
A5;PRIM - PLAZA BIRIBILA;6124;PRIM;16
A6;ARANGOITI - DEUSTU;1401;ARANGOITI;2
A6;ARANGOITI - DEUSTU;1422;ARANGOITI;1
A6;ARANGOITI - DEUSTU;1423;ARANGOITI;11
A6;ARANGOITI - DEUSTU;1601;ARANGOITI;2
A6;ARANGOITI - DEUSTU;1605;PLAZA SAN PEDRO;7
A6;ARANGOITI - DEUSTU;1608;ARANGOITI;4
A6;ARANGOITI - DEUSTU;1609;ARANGOITI;3
A6;ARANGOITI - DEUSTU;1701;ARANGOITI;1
A6;ARANGOITI - DEUSTU;1702;PLAZA SAN PEDRO;9
A6;ARANGOITI - DEUSTU;1703;PLAZA SAN PEDRO;10
A7;ARTXANDA - ARENAL;1411;ARTXANDA;57
A7;ARTXANDA - ARENAL;1415;ARTXANDA;55
A7;ARTXANDA - ARENAL;1423;ARTXANDA;53
A7;ARTXANDA - ARENAL;1425;ARTXANDA;51
A7;ARTXANDA - ARENAL;1705;ARTXANDA;3
A7;ARTXANDA - ARENAL;1706;ARTXANDA;5
A7;ARTXANDA - ARENAL;1707;ARTXANDA;6
A7;ARTXANDA - ARENAL;1708;ARTXANDA;8
A7;ARTXANDA - ARENAL;1709;ARTXANDA;11
A7;ARTXANDA - ARENAL;1710;ARTXANDA;12
A7;ARTXANDA - ARENAL;1711;ARTXANDA;14
A7;ARTXANDA - ARENAL;2202;SENDEJA;37
A7;ARTXANDA - ARENAL;2415;SENDEJA;35
A7;ARTXANDA - ARENAL;2504;SENDEJA;33
A7;ARTXANDA - ARENAL;2508;SENDEJA;33
A7;ARTXANDA - ARENAL;2602;SENDEJA;31
A7;ARTXANDA - ARENAL;2706;ARTXANDA;16
A7;ARTXANDA - ARENAL;2707;ARTXANDA;16
A7;ARTXANDA - ARENAL;2708;ARTXANDA;18
A7;ARTXANDA - ARENAL;2709;SENDEJA;21
A7;ARTXANDA - ARENAL;2710;SENDEJA;24
A7;ARTXANDA - ARENAL;2711;SENDEJA;26
A7;ARTXANDA - ARENAL;2712;SENDEJA;27
A7;ARTXANDA - ARENAL;5105;ARTXANDA;40
A7;ARTXANDA - ARENAL;5108;ARTXANDA;38
A7;ARTXANDA - ARENAL;6110;ARTXANDA;53
A7;ARTXANDA - ARENAL;6114;ARTXANDA;51
A7;ARTXANDA - ARENAL;6117;ARTXANDA;49
A7;ARTXANDA - ARENAL;6125;ARTXANDA;54
A7;ARTXANDA - ARENAL;6204;ARTXANDA;56
A8;SAN JUSTO - AMETZOLA;5509;AMETZOLA;29
A8;SAN JUSTO - AMETZOLA;5510;AMETZOLA;27
A8;SAN JUSTO - AMETZOLA;5512;AMETZOLA;30
A8;SAN JUSTO - AMETZOLA;7101;SAN JUSTO;56
A8;SAN JUSTO - AMETZOLA;7304;AMETZOLA;51
A8;SAN JUSTO - AMETZOLA;7305;SAN JUSTO;1
A8;SAN JUSTO - AMETZOLA;7306;AMETZOLA;50
A8;SAN JUSTO - AMETZOLA;7307;AMETZOLA;49
A8;SAN JUSTO - AMETZOLA;7310;SAN JUSTO;0
A8;SAN JUSTO - AMETZOLA;7311;AMETZOLA;53
A8;SAN JUSTO - AMETZOLA;7401;SAN JUSTO;4
A8;SAN JUSTO - AMETZOLA;7402;SAN JUSTO;3
A8;SAN JUSTO - AMETZOLA;7403;SAN JUSTO;3
A8;SAN JUSTO - AMETZOLA;7404;AMETZOLA;45
A8;SAN JUSTO - AMETZOLA;7405;AMETZOLA;38
A8;SAN JUSTO - AMETZOLA;7406;SAN JUSTO;7
A8;SAN JUSTO - AMETZOLA;7407;SAN JUSTO;9
A8;SAN JUSTO - AMETZOLA;7408;AMETZOLA;42
A8;SAN JUSTO - AMETZOLA;7409;SAN JUSTO;2
A8;SAN JUSTO - AMETZOLA;7410;SAN JUSTO;2
A8;SAN JUSTO - AMETZOLA;7411;SAN JUSTO;5
A8;SAN JUSTO - AMETZOLA;7412;SAN JUSTO;11
A8;SAN JUSTO - AMETZOLA;7413;SAN JUSTO;12
A8;SAN JUSTO - AMETZOLA;7414;SAN JUSTO;13
A8;SAN JUSTO - AMETZOLA;7415;SAN JUSTO;10
A8;SAN JUSTO - AMETZOLA;7418;SAN JUSTO;9
A8;SAN JUSTO - AMETZOLA;7702;AMETZOLA;15
A8;SAN JUSTO - AMETZOLA;7703;AMETZOLA;30
A8;SAN JUSTO - AMETZOLA;7704;SAN JUSTO;14
E1;PLAZA BIRIBILA - BILBAO ARENA;6118;BILBAO ARENA;17
E1;PLAZA BIRIBILA - BILBAO ARENA;6121;BILBAO ARENA;5
G1;ARABELLA - MOYUA;2104;ARABELLA;1
G1;ARABELLA - MOYUA;2108;ARABELLA;9
G1;ARABELLA - MOYUA;2205;ARABELLA;3
G1;ARABELLA - MOYUA;2206;ARABELLA;2
G1;ARABELLA - MOYUA;2301;MOYUA;2
G1;ARABELLA - MOYUA;2401;ARABELLA;8
G1;ARABELLA - MOYUA;2402;ARABELLA;6
G1;ARABELLA - MOYUA;2404;MOYUA;0
G1;ARABELLA - MOYUA;2405;MOYUA;8
G1;ARABELLA - MOYUA;2409;ARABELLA;5
G1;ARABELLA - MOYUA;2411;ARABELLA;9
G1;ARABELLA - MOYUA;2412;ARABELLA;11
G1;ARABELLA - MOYUA;2501;ARABELLA;1
G1;ARABELLA - MOYUA;2502;MOYUA;9
G1;ARABELLA - MOYUA;2503;MOYUA;7
G1;ARABELLA - MOYUA;2504;MOYUA;2
G1;ARABELLA - MOYUA;2507;ARABELLA;13
G1;ARABELLA - MOYUA;2508;MOYUA;4
G1;ARABELLA - MOYUA;2510;ARABELLA;15
G1;ARABELLA - MOYUA;6102;MOYUA;9
G1;ARABELLA - MOYUA;6113;ARABELLA;4
G1;ARABELLA - MOYUA;6115;ARABELLA;0
G1;ARABELLA - MOYUA;6219;ARABELLA;--
G2;OTXARKOAGA - PLAZA BIRIBILA;2202;PLAZA BIRIBILA;10
G2;OTXARKOAGA - PLAZA BIRIBILA;2415;PLAZA BIRIBILA;10
G2;OTXARKOAGA - PLAZA BIRIBILA;2504;PLAZA BIRIBILA;7
G2;OTXARKOAGA - PLAZA BIRIBILA;2508;PLAZA BIRIBILA;9
G2;OTXARKOAGA - PLAZA BIRIBILA;3101;OTXARKOAGA;7
G2;OTXARKOAGA - PLAZA BIRIBILA;3106;OTXARKOAGA;1
G2;OTXARKOAGA - PLAZA BIRIBILA;3115;OTXARKOAGA;4
G2;OTXARKOAGA - PLAZA BIRIBILA;3204;OTXARKOAGA;3
G2;OTXARKOAGA - PLAZA BIRIBILA;3206;OTXARKOAGA;6
G2;OTXARKOAGA - PLAZA BIRIBILA;3213;OTXARKOAGA;2
G2;OTXARKOAGA - PLAZA BIRIBILA;3216;PLAZA BIRIBILA;10
G2;OTXARKOAGA - PLAZA BIRIBILA;3218;PLAZA BIRIBILA;9
G2;OTXARKOAGA - PLAZA BIRIBILA;3221;PLAZA BIRIBILA;8
G2;OTXARKOAGA - PLAZA BIRIBILA;3222;PLAZA BIRIBILA;5
G2;OTXARKOAGA - PLAZA BIRIBILA;3226;OTXARKOAGA;5
G2;OTXARKOAGA - PLAZA BIRIBILA;3227;PLAZA BIRIBILA;5
G2;OTXARKOAGA - PLAZA BIRIBILA;3228;PLAZA BIRIBILA;5
G2;OTXARKOAGA - PLAZA BIRIBILA;3229;PLAZA BIRIBILA;6
G2;OTXARKOAGA - PLAZA BIRIBILA;4104;OTXARKOAGA;3
G2;OTXARKOAGA - PLAZA BIRIBILA;4109;OTXARKOAGA;3
G2;OTXARKOAGA - PLAZA BIRIBILA;4202;PLAZA BIRIBILA;2
G2;OTXARKOAGA - PLAZA BIRIBILA;5103;OTXARKOAGA;3
G2;OTXARKOAGA - PLAZA BIRIBILA;5105;PLAZA BIRIBILA;16
G2;OTXARKOAGA - PLAZA BIRIBILA;5108;PLAZA BIRIBILA;14
G2;OTXARKOAGA - PLAZA BIRIBILA;5111;OTXARKOAGA;0
G2;OTXARKOAGA - PLAZA BIRIBILA;6129;OTXARKOAGA;--
G3;LARRASKITU - PLAZA BIRIBILA;6114;LARRASKITU;1
G3;LARRASKITU - PLAZA BIRIBILA;6116;LARRASKITU;2
G3;LARRASKITU - PLAZA BIRIBILA;6117;LARRASKITU;0
G3;LARRASKITU - PLAZA BIRIBILA;6120;PLAZA BIRIBILA;0
G3;LARRASKITU - PLAZA BIRIBILA;6211;LARRASKITU;3
G3;LARRASKITU - PLAZA BIRIBILA;6212;LARRASKITU;4
G3;LARRASKITU - PLAZA BIRIBILA;6214;LARRASKITU;2
G3;LARRASKITU - PLAZA BIRIBILA;7102;PLAZA BIRIBILA;3
G3;LARRASKITU - PLAZA BIRIBILA;7103;PLAZA BIRIBILA;2
G3;LARRASKITU - PLAZA BIRIBILA;7106;LARRASKITU;2
G3;LARRASKITU - PLAZA BIRIBILA;7107;PLAZA BIRIBILA;0
G3;LARRASKITU - PLAZA BIRIBILA;7303;LARRASKITU;5
G3;LARRASKITU - PLAZA BIRIBILA;7304;PLAZA BIRIBILA;9
G3;LARRASKITU - PLAZA BIRIBILA;7305;LARRASKITU;1
G3;LARRASKITU - PLAZA BIRIBILA;7306;PLAZA BIRIBILA;8
G3;LARRASKITU - PLAZA BIRIBILA;7307;PLAZA BIRIBILA;8
G3;LARRASKITU - PLAZA BIRIBILA;7308;LARRASKITU;0
G3;LARRASKITU - PLAZA BIRIBILA;7309;LARRASKITU;8
G3;LARRASKITU - PLAZA BIRIBILA;7310;LARRASKITU;4
G3;LARRASKITU - PLAZA BIRIBILA;7311;PLAZA BIRIBILA;10
G3;LARRASKITU - PLAZA BIRIBILA;7314;LARRASKITU;5
G3;LARRASKITU - PLAZA BIRIBILA;7322;PLAZA BIRIBILA;3
G3;LARRASKITU - PLAZA BIRIBILA;7323;PLAZA BIRIBILA;2
G3;LARRASKITU - PLAZA BIRIBILA;7404;PLAZA BIRIBILA;7
G3;LARRASKITU - PLAZA BIRIBILA;7406;LARRASKITU;4
G3;LARRASKITU - PLAZA BIRIBILA;7408;PLAZA BIRIBILA;5
G3;LARRASKITU - PLAZA BIRIBILA;7409;LARRASKITU;2
G3;LARRASKITU - PLAZA BIRIBILA;7411;LARRASKITU;3
G3;LARRASKITU - PLAZA BIRIBILA;7416;LARRASKITU;5
G3;LARRASKITU - PLAZA BIRIBILA;7417;PLAZA BIRIBILA;4
G3;LARRASKITU - PLAZA BIRIBILA;7501;LARRASKITU;0
G3;LARRASKITU - PLAZA BIRIBILA;7502;LARRASKITU;5
G3;LARRASKITU - PLAZA BIRIBILA;7503;LARRASKITU;5
G3;LARRASKITU - PLAZA BIRIBILA;7508;LARRASKITU;2
G3;LARRASKITU - PLAZA BIRIBILA;7509;LARRASKITU;2
G3;LARRASKITU - PLAZA BIRIBILA;7510;LARRASKITU;3
G3;LARRASKITU - PLAZA BIRIBILA;7511;LARRASKITU;4
G3;LARRASKITU - PLAZA BIRIBILA;7601;LARRASKITU;8
G3;LARRASKITU - PLAZA BIRIBILA;7602;LARRASKITU;7
G3;LARRASKITU - PLAZA BIRIBILA;7603;LARRASKITU;5
G3;LARRASKITU - PLAZA BIRIBILA;7604;LARRASKITU;2
G3;LARRASKITU - PLAZA BIRIBILA;7605;LARRASKITU;1
G3;LARRASKITU - PLAZA BIRIBILA;7606;LARRASKITU;4
G3;LARRASKITU - PLAZA BIRIBILA;7701;LARRASKITU;3
G4;LA PE헤 - PLAZA BIRIBILA;5101;LA PE헤;6
G4;LA PE헤 - PLAZA BIRIBILA;5105;PLAZA BIRIBILA;12
G4;LA PE헤 - PLAZA BIRIBILA;5106;PLAZA BIRIBILA;8
G4;LA PE헤 - PLAZA BIRIBILA;5108;LA PE헤;5
G4;LA PE헤 - PLAZA BIRIBILA;5501;PLAZA BIRIBILA;3
G4;LA PE헤 - PLAZA BIRIBILA;5502;PLAZA BIRIBILA;--
G4;LA PE헤 - PLAZA BIRIBILA;5503;PLAZA BIRIBILA;4
G4;LA PE헤 - PLAZA BIRIBILA;5513;PLAZA BIRIBILA;11
G4;LA PE헤 - PLAZA BIRIBILA;5514;PLAZA BIRIBILA;6
G4;LA PE헤 - PLAZA BIRIBILA;5515;LA PE헤;4
G4;LA PE헤 - PLAZA BIRIBILA;5516;LA PE헤;1
G4;LA PE헤 - PLAZA BIRIBILA;5517;LA PE헤;2
G4;LA PE헤 - PLAZA BIRIBILA;5519;LA PE헤;0
G4;LA PE헤 - PLAZA BIRIBILA;5520;LA PE헤;7
G4;LA PE헤 - PLAZA BIRIBILA;5521;PLAZA BIRIBILA;9
G4;LA PE헤 - PLAZA BIRIBILA;5522;LA PE헤;3
G4;LA PE헤 - PLAZA BIRIBILA;5601;LA PE헤;4
G4;LA PE헤 - PLAZA BIRIBILA;5602;PLAZA BIRIBILA;4
G4;LA PE헤 - PLAZA BIRIBILA;5603;LA PE헤;5
G4;LA PE헤 - PLAZA BIRIBILA;5604;LA PE헤;6
G4;LA PE헤 - PLAZA BIRIBILA;5701;LA PE헤;3
G4;LA PE헤 - PLAZA BIRIBILA;5704;LA PE헤;1
G4;LA PE헤 - PLAZA BIRIBILA;6129;LA PE헤;--
G5;SAN ADRIAN/MIRIBILLA - PLAZA BIRIBILA;5802;PLAZA BIRIBILA;10
G5;SAN ADRIAN/MIRIBILLA - PLAZA BIRIBILA;5803;PLAZA BIRIBILA;6
G5;SAN ADRIAN/MIRIBILLA - PLAZA BIRIBILA;5804;PLAZA BIRIBILA;--
G5;SAN ADRIAN/MIRIBILLA - PLAZA BIRIBILA;5903;SAN ADRIAN/MIRIBILLA;8
G5;SAN ADRIAN/MIRIBILLA - PLAZA BIRIBILA;5904;SAN ADRIAN/MIRIBILLA;6
G5;SAN ADRIAN/MIRIBILLA - PLAZA BIRIBILA;5906;SAN ADRIAN/MIRIBILLA;7
G5;SAN ADRIAN/MIRIBILLA - PLAZA BIRIBILA;5907;SAN ADRIAN/MIRIBILLA;4
G5;SAN ADRIAN/MIRIBILLA - PLAZA BIRIBILA;5908;SAN ADRIAN/MIRIBILLA;2
G5;SAN ADRIAN/MIRIBILLA - PLAZA BIRIBILA;5913;SAN ADRIAN/MIRIBILLA;4
G5;SAN ADRIAN/MIRIBILLA - PLAZA BIRIBILA;5914;SAN ADRIAN/MIRIBILLA;5
G5;SAN ADRIAN/MIRIBILLA - PLAZA BIRIBILA;6120;PLAZA BIRIBILA;21
G5;SAN ADRIAN/MIRIBILLA - PLAZA BIRIBILA;6121;SAN ADRIAN/MIRIBILLA;5
G5;SAN ADRIAN/MIRIBILLA - PLAZA BIRIBILA;6123;PLAZA BIRIBILA;12
G5;SAN ADRIAN/MIRIBILLA - PLAZA BIRIBILA;6126;SAN ADRIAN/MIRIBILLA;--
G5;SAN ADRIAN/MIRIBILLA - PLAZA BIRIBILA;7108;SAN ADRIAN/MIRIBILLA;6
G5;SAN ADRIAN/MIRIBILLA - PLAZA BIRIBILA;7203;SAN ADRIAN/MIRIBILLA;7
G5;SAN ADRIAN/MIRIBILLA - PLAZA BIRIBILA;7204;SAN ADRIAN/MIRIBILLA;10
G5;SAN ADRIAN/MIRIBILLA - PLAZA BIRIBILA;7205;SAN ADRIAN/MIRIBILLA;9
G5;SAN ADRIAN/MIRIBILLA - PLAZA BIRIBILA;7209;SAN ADRIAN/MIRIBILLA;1
G6;ALTAMIRA/ZORROTZA - PLAZA BIRIBILA;6114;ALTAMIRA/ZORROTZA;2
G6;ALTAMIRA/ZORROTZA - PLAZA BIRIBILA;6115;PLAZA BIRIBILA;0
G6;ALTAMIRA/ZORROTZA - PLAZA BIRIBILA;6116;ALTAMIRA/ZORROTZA;3
G6;ALTAMIRA/ZORROTZA - PLAZA BIRIBILA;6117;ALTAMIRA/ZORROTZA;--
G6;ALTAMIRA/ZORROTZA - PLAZA BIRIBILA;6203;ALTAMIRA/ZORROTZA;2
G6;ALTAMIRA/ZORROTZA - PLAZA BIRIBILA;6206;PLAZA BIRIBILA;8
G6;ALTAMIRA/ZORROTZA - PLAZA BIRIBILA;6209;PLAZA BIRIBILA;7
G6;ALTAMIRA/ZORROTZA - PLAZA BIRIBILA;6210;PLAZA BIRIBILA;5
G6;ALTAMIRA/ZORROTZA - PLAZA BIRIBILA;6211;ALTAMIRA/ZORROTZA;4
G6;ALTAMIRA/ZORROTZA - PLAZA BIRIBILA;6212;ALTAMIRA/ZORROTZA;5
G6;ALTAMIRA/ZORROTZA - PLAZA BIRIBILA;6213;PLAZA BIRIBILA;3
G6;ALTAMIRA/ZORROTZA - PLAZA BIRIBILA;6214;ALTAMIRA/ZORROTZA;1
G6;ALTAMIRA/ZORROTZA - PLAZA BIRIBILA;7104;PLAZA BIRIBILA;2
G6;ALTAMIRA/ZORROTZA - PLAZA BIRIBILA;8104;ALTAMIRA/ZORROTZA;7
G6;ALTAMIRA/ZORROTZA - PLAZA BIRIBILA;8105;ALTAMIRA/ZORROTZA;5
G6;ALTAMIRA/ZORROTZA - PLAZA BIRIBILA;8111;PLAZA BIRIBILA;12
G6;ALTAMIRA/ZORROTZA - PLAZA BIRIBILA;8113;PLAZA BIRIBILA;9
G6;ALTAMIRA/ZORROTZA - PLAZA BIRIBILA;8114;ALTAMIRA/ZORROTZA;5
G6;ALTAMIRA/ZORROTZA - PLAZA BIRIBILA;8122;ALTAMIRA/ZORROTZA;4
G6;ALTAMIRA/ZORROTZA - PLAZA BIRIBILA;8123;PLAZA BIRIBILA;14
G6;ALTAMIRA/ZORROTZA - PLAZA BIRIBILA;8301;ALTAMIRA/ZORROTZA;2
G6;ALTAMIRA/ZORROTZA - PLAZA BIRIBILA;8304;ALTAMIRA/ZORROTZA;3
G6;ALTAMIRA/ZORROTZA - PLAZA BIRIBILA;8305;ALTAMIRA/ZORROTZA;1
G6;ALTAMIRA/ZORROTZA - PLAZA BIRIBILA;8309;ALTAMIRA/ZORROTZA;3
G6;ALTAMIRA/ZORROTZA - PLAZA BIRIBILA;8317;PLAZA BIRIBILA;8
G6;ALTAMIRA/ZORROTZA - PLAZA BIRIBILA;8401;ALTAMIRA/ZORROTZA;6
G6;ALTAMIRA/ZORROTZA - PLAZA BIRIBILA;8503;ALTAMIRA/ZORROTZA;6
G6;ALTAMIRA/ZORROTZA - PLAZA BIRIBILA;8505;ALTAMIRA/ZORROTZA;5
G6;ALTAMIRA/ZORROTZA - PLAZA BIRIBILA;8507;ALTAMIRA/ZORROTZA;4
G6;ALTAMIRA/ZORROTZA - PLAZA BIRIBILA;8509;PLAZA BIRIBILA;--
G6;ALTAMIRA/ZORROTZA - PLAZA BIRIBILA;8601;ALTAMIRA/ZORROTZA;8
G6;ALTAMIRA/ZORROTZA - PLAZA BIRIBILA;8602;ALTAMIRA/ZORROTZA;6
G7;MINA DEL MORRO - PLAZA BIRIBILA;4206;MINA DEL MORRO;1
G7;MINA DEL MORRO - PLAZA BIRIBILA;4208;PLAZA BIRIBILA;11
G7;MINA DEL MORRO - PLAZA BIRIBILA;4209;PLAZA BIRIBILA;13
G7;MINA DEL MORRO - PLAZA BIRIBILA;4305;PLAZA BIRIBILA;3
G7;MINA DEL MORRO - PLAZA BIRIBILA;5105;PLAZA BIRIBILA;5
G7;MINA DEL MORRO - PLAZA BIRIBILA;5106;PLAZA BIRIBILA;2
G7;MINA DEL MORRO - PLAZA BIRIBILA;5304;PLAZA BIRIBILA;14
G7;MINA DEL MORRO - PLAZA BIRIBILA;5305;PLAZA BIRIBILA;15
G7;MINA DEL MORRO - PLAZA BIRIBILA;5306;PLAZA BIRIBILA;0
G7;MINA DEL MORRO - PLAZA BIRIBILA;5401;MINA DEL MORRO;8
G7;MINA DEL MORRO - PLAZA BIRIBILA;5402;MINA DEL MORRO;9
G7;MINA DEL MORRO - PLAZA BIRIBILA;5406;MINA DEL MORRO;7
G7;MINA DEL MORRO - PLAZA BIRIBILA;5601;MINA DEL MORRO;5
G7;MINA DEL MORRO - PLAZA BIRIBILA;5801;MINA DEL MORRO;8
G7;MINA DEL MORRO - PLAZA BIRIBILA;5806;MINA DEL MORRO;10
G7;MINA DEL MORRO - PLAZA BIRIBILA;5916;MINA DEL MORRO;1
G7;MINA DEL MORRO - PLAZA BIRIBILA;5919;MINA DEL MORRO;5
G7;MINA DEL MORRO - PLAZA BIRIBILA;6121;MINA DEL MORRO;4
G7;MINA DEL MORRO - PLAZA BIRIBILA;6129;MINA DEL MORRO;1
G7;MINA DEL MORRO - PLAZA BIRIBILA;6130;MINA DEL MORRO;--
G8;ARANGOITI - PLAZA BIRIBILA;1306;PLAZA BIRIBILA;14
G8;ARANGOITI - PLAZA BIRIBILA;1401;ARANGOITI;7
G8;ARANGOITI - PLAZA BIRIBILA;1405;PLAZA BIRIBILA;6
G8;ARANGOITI - PLAZA BIRIBILA;1410;ARANGOITI;8
G8;ARANGOITI - PLAZA BIRIBILA;1411;ARANGOITI;5
G8;ARANGOITI - PLAZA BIRIBILA;1413;PLAZA BIRIBILA;3
G8;ARANGOITI - PLAZA BIRIBILA;1414;PLAZA BIRIBILA;1
G8;ARANGOITI - PLAZA BIRIBILA;1415;ARANGOITI;3
G8;ARANGOITI - PLAZA BIRIBILA;1423;ARANGOITI;1
G8;ARANGOITI - PLAZA BIRIBILA;1426;PLAZA BIRIBILA;7
G8;ARANGOITI - PLAZA BIRIBILA;1427;ARANGOITI;6
G8;ARANGOITI - PLAZA BIRIBILA;1601;ARANGOITI;7
G8;ARANGOITI - PLAZA BIRIBILA;1603;ARANGOITI;0
G8;ARANGOITI - PLAZA BIRIBILA;1604;PLAZA BIRIBILA;5
G8;ARANGOITI - PLAZA BIRIBILA;1605;PLAZA BIRIBILA;9
G8;ARANGOITI - PLAZA BIRIBILA;1701;ARANGOITI;6
G8;ARANGOITI - PLAZA BIRIBILA;1702;PLAZA BIRIBILA;10
G8;ARANGOITI - PLAZA BIRIBILA;1703;PLAZA BIRIBILA;11
G8;ARANGOITI - PLAZA BIRIBILA;2101;PLAZA BIRIBILA;13
G8;ARANGOITI - PLAZA BIRIBILA;2102;PLAZA BIRIBILA;14
G8;ARANGOITI - PLAZA BIRIBILA;2103;ARANGOITI;4
G8;ARANGOITI - PLAZA BIRIBILA;2104;ARANGOITI;1
G8;ARANGOITI - PLAZA BIRIBILA;2107;ARANGOITI;2
G8;ARANGOITI - PLAZA BIRIBILA;2108;ARANGOITI;0
G8;ARANGOITI - PLAZA BIRIBILA;2109;PLAZA BIRIBILA;10
G8;ARANGOITI - PLAZA BIRIBILA;2111;ARANGOITI;3
G8;ARANGOITI - PLAZA BIRIBILA;5105;PLAZA BIRIBILA;23
G8;ARANGOITI - PLAZA BIRIBILA;5108;PLAZA BIRIBILA;21
G8;ARANGOITI - PLAZA BIRIBILA;5110;ARANGOITI;5
G8;ARANGOITI - PLAZA BIRIBILA;6129;ARANGOITI;1
G8;ARANGOITI - PLAZA BIRIBILA;6130;ARANGOITI;--
